Body Name,Date,Transaction Number,Amount,Supplier Name,Supplier ID,Expense Area,Expense Type,Procurement Card?,Registration Number,Time Period for Grant,Purpose of Grant
Yorkshire Dales National Park Authority,01/08/2021,RDC N04569000 2022/005,225.00,RICHMONDSHIRE DISTRICT COUNCIL - RATES DD,S3484,Contracts - Access Rangers,Rates,,,,
Yorkshire Dales National Park Authority,01/08/2021,RDC N084911002 2022/005,2038.00,RICHMONDSHIRE DISTRICT COUNCIL - RATES DD,S3484,Office Accomodation,Rates,,,,
Yorkshire Dales National Park Authority,01/08/2021,CDC 50005325651 2022/005,147.00,CRAVEN DISTRICT COUNCIL - RATES DD,S3485,Car Parks,Rates,,,,
Yorkshire Dales National Park Authority,01/08/2021,CDC 50006368798 2022/005,187.00,CRAVEN DISTRICT COUNCIL - RATES DD,S3485,Car Parks,Rates,,,,
Yorkshire Dales National Park Authority,01/08/2021,CDC 50006368751  2022/005,549.00,CRAVEN DISTRICT COUNCIL - RATES DD,S3485,Car Parks,Rates,,,,
Yorkshire Dales National Park Authority,01/08/2021,CDC 50006368742 2022/005,644.48,CRAVEN DISTRICT COUNCIL - RATES DD,S3485,Car Parks,Rates,,,,
Yorkshire Dales National Park Authority,01/08/2021,CDC 50006368760 2022/005,861.00,CRAVEN DISTRICT COUNCIL - RATES DD,S3485,Car Parks,Rates,,,,
Yorkshire Dales National Park Authority,01/08/2021,CDC 50005331156  2022/005,948.00,CRAVEN DISTRICT COUNCIL - RATES DD,S3485,Car Parks,Rates,,,,
Yorkshire Dales National Park Authority,01/08/2021,CDC 50006368789 2022/005,1226.16,CRAVEN DISTRICT COUNCIL - RATES DD,S3485,Car Parks,Rates,,,,
Yorkshire Dales National Park Authority,01/08/2021,CDC 50005323051 2022/005,2246.00,CRAVEN DISTRICT COUNCIL - RATES DD,S3485,Car Parks,Rates,,,,
Yorkshire Dales National Park Authority,01/08/2021,CDC 50002987959 2022/005,247.00,CRAVEN DISTRICT COUNCIL - RATES DD,S3485,Contracts - Access Rangers,Rates,,,,
Yorkshire Dales National Park Authority,01/08/2021,CDC 50005333756  2022/005,1497.00,CRAVEN DISTRICT COUNCIL - RATES DD,S3485,Office Accomodation,Rates,,,,
Yorkshire Dales National Park Authority,01/08/2021,CDC 50006368742 2022/005,203.52,CRAVEN DISTRICT COUNCIL - RATES DD,S3485,Toilets,Rates,,,,
Yorkshire Dales National Park Authority,01/08/2021,CDC 50006368789 2022/005,345.84,CRAVEN DISTRICT COUNCIL - RATES DD,S3485,Toilets,Rates,,,,
Yorkshire Dales National Park Authority,02/08/2021,PCARD-2022/005,149.03,GOOGLE CLOUD,N/A,Communications,IT-Websites,Y,,,
Yorkshire Dales National Park Authority,02/08/2021,PCARD-2022/005,9.96,AMAZON.CO.UK,S1426,Dales Countryside Museum,Tools & Office Equipment,Y,,,
Yorkshire Dales National Park Authority,02/08/2021,PCARD-2022/005,19.48,AMAZON.CO.UK,S1426,Dales Countryside Museum,Materials,Y,,,
Yorkshire Dales National Park Authority,02/08/2021,PCARD-2022/005,19.93,AMAZON.CO.UK,S1426,IT Development,IT- Hardware Purchases,Y,,,
Yorkshire Dales National Park Authority,02/08/2021,PCARD-2022/005,104.94,AMAZON.CO.UK,S1426,IT Development,IT- Hardware Purchases,Y,,,
Yorkshire Dales National Park Authority,02/08/2021,PCARD-2022/005,162.30,AMAZON.CO.UK,S1426,IT Development,IT- Hardware Purchases,Y,,,
Yorkshire Dales National Park Authority,02/08/2021,PCARD-2022/005,249.60,AMAZON.CO.UK,S1426,IT Development,IT- Hardware Purchases,Y,,,
Yorkshire Dales National Park Authority,02/08/2021,PCARD-2022/005,373.00,AMAZON.CO.UK,S1426,IT Development,IT- Hardware Purchases,Y,,,
Yorkshire Dales National Park Authority,03/08/2021,PCARD-2022/005,131.29,AWS EMEA,N/A,Communications,IT-Websites,Y,,,
Yorkshire Dales National Park Authority,03/08/2021,PCARD-2022/005,6.83,WESTFIELD FASTENERS,N/A,Dales Countryside Museum,Equipment Repairs and Maint,Y,,,
Yorkshire Dales National Park Authority,03/08/2021,PCARD-2022/005,17.40,J T ATKINSON & SONS LTD,S0045,Maintenance Offices,Materials,Y,,,
Yorkshire Dales National Park Authority,03/08/2021,PCARD-2022/005,5.81,AMAZON.CO.UK,S1426,Dales Countryside Museum,Materials,Y,,,
Yorkshire Dales National Park Authority,03/08/2021,PCARD-2022/005,19.69,AMAZON.CO.UK,S1426,Dales Countryside Museum,Materials,Y,,,
Yorkshire Dales National Park Authority,03/08/2021,PCARD-2022/005,65.83,AMAZON.CO.UK,S1426,Maintenance Offices,Materials,Y,,,
Yorkshire Dales National Park Authority,03/08/2021,CARPARK CHGS - 03/08/21,363.87,SIX PAYMENT SERVICES LTD,S4524,Car Parks,Bank Charges,,,,
Yorkshire Dales National Park Authority,04/08/2021,PCARD-2022/005,408.00,SNICKERS DIRECT,N/A,Contracts - Area Rangers,Clothing,Y,,,
Yorkshire Dales National Park Authority,04/08/2021,PCARD-2022/005,33.00,J T ATKINSON & SONS LTD,S0045,Northern Dales (Richmondshire),Materials,Y,,,
Yorkshire Dales National Park Authority,04/08/2021,PCARD-2022/005,420.81,AMAZON.CO.UK,S1426,IT Development,IT- Hardware Purchases,Y,,,
Yorkshire Dales National Park Authority,05/08/2021,PCARD-2022/005,74.99,RUEZONE,N/A,National Trails,Tools & Office Equipment,Y,,,
Yorkshire Dales National Park Authority,05/08/2021,PCARD-2022/005,20.18,AMAZON.CO.UK,S1426,IT Development,IT- Hardware Purchases,Y,,,
Yorkshire Dales National Park Authority,05/08/2021,PCARD-2022/005,27.68,TOOLSTATION LIMITED,S5537,Maintenance Offices,Materials,Y,,,
Yorkshire Dales National Park Authority,06/08/2021,PCARD-2022/005,35.65,MOLE COUNTRY STORES,N/A,Northern Dales (Richmondshire),Materials,Y,,,
Yorkshire Dales National Park Authority,06/08/2021,PCARD-2022/005,59.19,VISTAPRINT,N/A,National Trails,Clothing,Y,,,
Yorkshire Dales National Park Authority,06/08/2021,PCARD-2022/005,3.15,AMAZON.CO.UK,S1426,IT Development,IT- Hardware Purchases,Y,,,
Yorkshire Dales National Park Authority,06/08/2021,PCARD-2022/005,4.52,AMAZON.CO.UK,S1426,National Trails,Tools & Office Equipment,Y,,,
Yorkshire Dales National Park Authority,07/08/2021,PCARD-2022/005,69.70,SHOPIFY,S4518,Communications,IT-Websites,Y,,,
Yorkshire Dales National Park Authority,09/08/2021,PCARD-2022/005,42.83,MERRITT & FRYERS LTD,S0051,Maintenance Offices,Materials,Y,,,
Yorkshire Dales National Park Authority,09/08/2021,PCARD-2022/005,66.60,AMAZON.CO.UK,S1426,IT Development,IT- Hardware Purchases,Y,,,
Yorkshire Dales National Park Authority,09/08/2021,PCARD-2022/005,26.22,TOOLSTATION LIMITED,S5537,Maintenance Offices,Materials,Y,,,
Yorkshire Dales National Park Authority,10/08/2021,PCARD-2022/005,122.20,IRONMONGERY DIRECT LTD,N/A,Maintenance DCM,Premises Maintenance,Y,,,
Yorkshire Dales National Park Authority,10/08/2021,PCARD-2022/005,55.14,J T ATKINSON & SONS LTD,S0045,Western Dales (Cumbria),Materials,Y,,,
Yorkshire Dales National Park Authority,10/08/2021,PCARD-2022/005,82.18,MERRITT & FRYERS LTD,S0051,Maintenance DCM,Premises Maintenance,Y,,,
Yorkshire Dales National Park Authority,10/08/2021,PCARD-2022/005,50.21,MERRITT & FRYERS LTD,S0051,Maintenance NPC's,Premises Maintenance,Y,,,
Yorkshire Dales National Park Authority,10/08/2021,PCARD-2022/005,53.73,AMAZON.CO.UK,S1426,IT Development,IT- Hardware Purchases,Y,,,
Yorkshire Dales National Park Authority,10/08/2021,PCARD-2022/005,56.85,AMAZON.CO.UK,S1426,Ranger Services,Maps & Ordnance Survey,Y,,,
Yorkshire Dales National Park Authority,10/08/2021,PCARD-2022/005,80.98,LYRECO,S1470,Dales Countryside Museum,Consumables,Y,,,
Yorkshire Dales National Park Authority,10/08/2021,Jul 21 TRANSACTIONS Vatable,100.00,BARCLAYS BANK PLC - DD,S3006,Retail Services O/H,Bank Charges,,,,
Yorkshire Dales National Park Authority,10/08/2021,Jul 21 TRANSACTIONS Exempt,612.83,BARCLAYS BANK PLC - DD,S3006,Retail Services O/H,Bank Charges,,,,
Yorkshire Dales National Park Authority,10/08/2021,CARPARK CHGS - 10/08/21,374.36,SIX PAYMENT SERVICES LTD,S4524,Car Parks,Bank Charges,,,,
Yorkshire Dales National Park Authority,11/08/2021,PCARD-2022/005,49.85,DIRECT HYGIENE,N/A,Northern Dales (Richmondshire),Consumables,Y,,,
Yorkshire Dales National Park Authority,11/08/2021,PI147425,60.00,YDNPA,N/A,Farmed Land,Venue Hire,,,,
Yorkshire Dales National Park Authority,11/08/2021,PCARD-2022/005,509.70,AMAZON.CO.UK,S1426,IT Development,IT- Hardware Purchases,Y,,,
Yorkshire Dales National Park Authority,11/08/2021,PCARD-2022/005,16.10,AMAZON.CO.UK,S1426,Maintenance Offices,Premises Maintenance,Y,,,
Yorkshire Dales National Park Authority,11/08/2021,PCARD-2022/005,77.40,ACE FIXINGS (CUMBRIA) LTD,S5286,Western Dales (Cumbria),Equipment Repairs and Maint,Y,,,
Yorkshire Dales National Park Authority,12/08/2021,PCARD-2022/005,63.95,IRONMONGERY DIRECT LTD,N/A,Southern Dales (Craven  Lancs),Materials,Y,,,
Yorkshire Dales National Park Authority,12/08/2021,PCARD-2022/005,55.37,PICTURE WORLD LTD,N/A,Maintenance DCM,Premises Maintenance,Y,,,
Yorkshire Dales National Park Authority,12/08/2021,PCARD-2022/005,22.90,AMAZON.CO.UK,S1426,IT Development,IT- Hardware Purchases,Y,,,
Yorkshire Dales National Park Authority,13/08/2021,PI147655,1671.77,VENSON AUTOMOTIVE SOLUTIONS LTD - DD,S3089,Contracts - Access Rangers,Vehicle Leasing,,,,
Yorkshire Dales National Park Authority,13/08/2021,PI147657,3395.33,VENSON AUTOMOTIVE SOLUTIONS LTD - DD,S3089,Contracts - Access Rangers,Vehicle Leasing,,,,
Yorkshire Dales National Park Authority,15/08/2021,PCARD-2022/005,209.86,AMAZON.CO.UK,S1426,IT Development,IT- Hardware Purchases,Y,,,
Yorkshire Dales National Park Authority,16/08/2021,PCARD-2022/005,79.00,APPLE,N/A,Web Based Services,IT - Licences,Y,,,
Yorkshire Dales National Park Authority,16/08/2021,PCARD-2022/005,61.07,AMAZON.CO.UK,S1426,IT Development,IT- Hardware Purchases,Y,,,
Yorkshire Dales National Park Authority,17/08/2021,PCARD-2022/005,32.62,TRAVELODGE,N/A,Training,Training,Y,,,
Yorkshire Dales National Park Authority,17/08/2021,PI147822,217.50,NORTHUMBERLAND NPA,S0003,Land Management Partnersips,Hospitality (External),,,,
Yorkshire Dales National Park Authority,17/08/2021,PI147804,18878.00,PEAK DISTRICT NATIONAL PARK AUTHORITY,S0011,National Trails,Grants Paid,,N/A,2020 - 2021,Pennine Way Ranger
Yorkshire Dales National Park Authority,17/08/2021,PI147595,110.00,NORTH YORKSHIRE COUNTY COUNCIL,S0012,Corporate HR Staff Costs,DBS Charges,,,,
Yorkshire Dales National Park Authority,17/08/2021,PI147841,1426.95,NORTH YORKSHIRE COUNTY COUNCIL,S0012,Employees,Pension (er's),,,,
Yorkshire Dales National Park Authority,17/08/2021,PI147852,75.00,NORTH YORKSHIRE COUNTY COUNCIL,S0012,Member Costs,Printing,,,,
Yorkshire Dales National Park Authority,17/08/2021,PI147806,50.00,NORTH YORKSHIRE COUNTY COUNCIL,S0012,Southern Dales (Craven  Lancs),Contractors (Others),,,,
Yorkshire Dales National Park Authority,17/08/2021,PI147806,50.00,NORTH YORKSHIRE COUNTY COUNCIL,S0012,Southern Dales (Craven  Lancs),Contractors (Others),,,,
Yorkshire Dales National Park Authority,17/08/2021,PI147593,15.00,NORTH YORKSHIRE COUNTY COUNCIL,S0012,Volunteers,DBS Charges,,,,
Yorkshire Dales National Park Authority,17/08/2021,PI147760,468.45,CRAVEN DISTRICT COUNCIL,S0014,Land Holdings,Materials,,,,
Yorkshire Dales National Park Authority,17/08/2021,PI147580,0.77,CRAVEN DISTRICT COUNCIL,S0014,Office Accomodation,Waste Collection,,,,
Yorkshire Dales National Park Authority,17/08/2021,PI147519,2.00,YORKSHIRE PURCHASING ORGANISATION,S0022,Health & Safety,Health & Safety Equipment,,,,
Yorkshire Dales National Park Authority,17/08/2021,PI147519,11.45,YORKSHIRE PURCHASING ORGANISATION,S0022,Health & Safety,Health & Safety Equipment,,,,
Yorkshire Dales National Park Authority,17/08/2021,PI147519,18.00,YORKSHIRE PURCHASING ORGANISATION,S0022,Health & Safety,Health & Safety Equipment,,,,
Yorkshire Dales National Park Authority,17/08/2021,PI147797,2.62,J T ATKINSON & SONS LTD,S0045,Southern Dales (Craven  Lancs),Materials,,,,
Yorkshire Dales National Park Authority,17/08/2021,PI147797,9.89,J T ATKINSON & SONS LTD,S0045,Southern Dales (Craven  Lancs),Materials,,,,
Yorkshire Dales National Park Authority,17/08/2021,PI147797,21.26,J T ATKINSON & SONS LTD,S0045,Southern Dales (Craven  Lancs),Materials,,,,
Yorkshire Dales National Park Authority,17/08/2021,PI147797,44.93,J T ATKINSON & SONS LTD,S0045,Southern Dales (Craven  Lancs),Materials,,,,
Yorkshire Dales National Park Authority,17/08/2021,PI147797,46.62,J T ATKINSON & SONS LTD,S0045,Southern Dales (Craven  Lancs),Materials,,,,
Yorkshire Dales National Park Authority,17/08/2021,PI147797,61.06,J T ATKINSON & SONS LTD,S0045,Southern Dales (Craven  Lancs),Materials,,,,
Yorkshire Dales National Park Authority,17/08/2021,PI147640,10.00,SETTLE COAL COMPANY LTD,S0052,Contracts - Access Rangers,Waste Collection,,,,
Yorkshire Dales National Park Authority,17/08/2021,PI147640,264.00,SETTLE COAL COMPANY LTD,S0052,Contracts - Access Rangers,Waste Collection,,,,
Yorkshire Dales National Park Authority,17/08/2021,PI147639,2.00,SETTLE COAL COMPANY LTD,S0052,Northern Dales (Richmondshire),Materials,,,,
Yorkshire Dales National Park Authority,17/08/2021,PI147639,3.00,SETTLE COAL COMPANY LTD,S0052,Northern Dales (Richmondshire),Materials,,,,
Yorkshire Dales National Park Authority,17/08/2021,PI147633,4.00,SETTLE COAL COMPANY LTD,S0052,Northern Dales (Richmondshire),Materials,,,,
Yorkshire Dales National Park Authority,17/08/2021,PI147639,4.00,SETTLE COAL COMPANY LTD,S0052,Northern Dales (Richmondshire),Materials,,,,
Yorkshire Dales National Park Authority,17/08/2021,PI147633,4.44,SETTLE COAL COMPANY LTD,S0052,Northern Dales (Richmondshire),Materials,,,,
Yorkshire Dales National Park Authority,17/08/2021,PI147633,10.00,SETTLE COAL COMPANY LTD,S0052,Northern Dales (Richmondshire),Materials,,,,
Yorkshire Dales National Park Authority,17/08/2021,PI147639,12.50,SETTLE COAL COMPANY LTD,S0052,Northern Dales (Richmondshire),Materials,,,,
Yorkshire Dales National Park Authority,17/08/2021,PI147632,1.60,SETTLE COAL COMPANY LTD,S0052,Southern Dales (Craven  Lancs),Tools & Office Equipment,,,,
Yorkshire Dales National Park Authority,17/08/2021,PI147632,2.25,SETTLE COAL COMPANY LTD,S0052,Southern Dales (Craven  Lancs),Tools & Office Equipment,,,,
Yorkshire Dales National Park Authority,17/08/2021,PI147636,2.50,SETTLE COAL COMPANY LTD,S0052,Southern Dales (Craven  Lancs),Materials,,,,
Yorkshire Dales National Park Authority,17/08/2021,PI147630,5.40,SETTLE COAL COMPANY LTD,S0052,Southern Dales (Craven  Lancs),Materials,,,,
Yorkshire Dales National Park Authority,17/08/2021,PI147637,12.47,SETTLE COAL COMPANY LTD,S0052,Southern Dales (Craven  Lancs),Materials,,,,
Yorkshire Dales National Park Authority,17/08/2021,PI147630,15.86,SETTLE COAL COMPANY LTD,S0052,Southern Dales (Craven  Lancs),Materials,,,,
Yorkshire Dales National Park Authority,17/08/2021,PI147630,17.95,SETTLE COAL COMPANY LTD,S0052,Southern Dales (Craven  Lancs),Tools & Office Equipment,,,,
Yorkshire Dales National Park Authority,17/08/2021,PI147630,22.80,SETTLE COAL COMPANY LTD,S0052,Southern Dales (Craven  Lancs),Tools & Office Equipment,,,,
Yorkshire Dales National Park Authority,17/08/2021,PI147635,100.00,SETTLE COAL COMPANY LTD,S0052,Southern Dales (Craven  Lancs),Waste Collection,,,,
Yorkshire Dales National Park Authority,17/08/2021,PI147634,109.30,SETTLE COAL COMPANY LTD,S0052,Southern Dales (Craven  Lancs),Materials,,,,
Yorkshire Dales National Park Authority,17/08/2021,PI147634,187.50,SETTLE COAL COMPANY LTD,S0052,Southern Dales (Craven  Lancs),Materials,,,,
Yorkshire Dales National Park Authority,17/08/2021,PI147600,345.15,PHOENIX SOFTWARE LTD,S0056,IT Development,IT-Software Subscriptions,,,,
Yorkshire Dales National Park Authority,17/08/2021,PI147600,26740.80,PHOENIX SOFTWARE LTD,S0056,IT Development,IT-Software Subscriptions,,,,
Yorkshire Dales National Park Authority,17/08/2021,PI147815,55.00,HARTLINGTON FENCING SUPPLIES,S0058,Pennine way,Materials,,,,
Yorkshire Dales National Park Authority,17/08/2021,PI147815,63.20,HARTLINGTON FENCING SUPPLIES,S0058,Pennine way,Materials,,,,
Yorkshire Dales National Park Authority,17/08/2021,PI147596,350.00,P M IVESON LTD,S0122,Northern Dales (Richmondshire),Contractors (Construction),,,,
Yorkshire Dales National Park Authority,17/08/2021,PI147598,3750.00,P M IVESON LTD,S0122,Pennine way,Contractors (Construction),,,,
Yorkshire Dales National Park Authority,17/08/2021,PI147835,1880.00,P M IVESON LTD,S0122,Ranger Services,Contractors (Construction),,,,
Yorkshire Dales National Park Authority,17/08/2021,PI147597,350.00,P M IVESON LTD,S0122,Western Dales (Cumbria),Contractors (Construction),,,,
Yorkshire Dales National Park Authority,17/08/2021,PI147644,75.00,CARRS BILLINGTON AGRICULTURAL (SALES) LTD,S0140,Northern Dales (Richmondshire),Materials,,,,
Yorkshire Dales National Park Authority,17/08/2021,PI147644,75.00,CARRS BILLINGTON AGRICULTURAL (SALES) LTD,S0140,Northern Dales (Richmondshire),Materials,,,,
Yorkshire Dales National Park Authority,17/08/2021,PI147644,92.00,CARRS BILLINGTON AGRICULTURAL (SALES) LTD,S0140,Northern Dales (Richmondshire),Materials,,,,
Yorkshire Dales National Park Authority,17/08/2021,PI147644,105.00,CARRS BILLINGTON AGRICULTURAL (SALES) LTD,S0140,Northern Dales (Richmondshire),Materials,,,,
Yorkshire Dales National Park Authority,17/08/2021,PI147644,109.00,CARRS BILLINGTON AGRICULTURAL (SALES) LTD,S0140,Northern Dales (Richmondshire),Materials,,,,
Yorkshire Dales National Park Authority,17/08/2021,PI147644,115.00,CARRS BILLINGTON AGRICULTURAL (SALES) LTD,S0140,Northern Dales (Richmondshire),Materials,,,,
Yorkshire Dales National Park Authority,17/08/2021,PI147644,120.00,CARRS BILLINGTON AGRICULTURAL (SALES) LTD,S0140,Northern Dales (Richmondshire),Materials,,,,
Yorkshire Dales National Park Authority,17/08/2021,PI147644,120.00,CARRS BILLINGTON AGRICULTURAL (SALES) LTD,S0140,Northern Dales (Richmondshire),Materials,,,,
Yorkshire Dales National Park Authority,17/08/2021,PI147644,178.00,CARRS BILLINGTON AGRICULTURAL (SALES) LTD,S0140,Northern Dales (Richmondshire),Materials,,,,
Yorkshire Dales National Park Authority,17/08/2021,PCARD-2022/005,152.00,CARRS BILLINGTON AGRICULTURAL (SALES) LTD,S0140,Western Dales (Cumbria),Materials,Y,,,
Yorkshire Dales National Park Authority,17/08/2021,PI147500,15.00,JOHN MASON PRINTERS,S0148,WMD 3.5 Interpreting Wesmorland Dales,Printing,,,,
Yorkshire Dales National Park Authority,17/08/2021,PI147816,125.00,COUNTRYSIDE JOBS SERVICE,S0211,Corporate HR Staff Costs,Recruitment Costs,,,,
Yorkshire Dales National Park Authority,17/08/2021,PI147817,125.00,COUNTRYSIDE JOBS SERVICE,S0211,Corporate HR Staff Costs,Recruitment Costs,,,,
Yorkshire Dales National Park Authority,17/08/2021,PI147794,90.00,WENSLEYDALE PRESS,S0219,Dales Countryside Museum,Printing,,,,
Yorkshire Dales National Park Authority,17/08/2021,PI147438,97.92,NPOWER LTD,S0225,Dales Countryside Museum,Electricity,,,,
Yorkshire Dales National Park Authority,17/08/2021,PI147449,450.69,NPOWER LTD,S0225,Dales Countryside Museum,Electricity,,,,
Yorkshire Dales National Park Authority,17/08/2021,PI147441,297.69,NPOWER LTD,S0225,Malham NPC,Electricity,,,,
Yorkshire Dales National Park Authority,17/08/2021,PI147785,4.80,DALES NEWSAGENTS,S0271,Support Services,Books and Publications,,,,
Yorkshire Dales National Park Authority,17/08/2021,PI147786,32.00,DALES NEWSAGENTS,S0271,Support Services,Books and Publications,,,,
Yorkshire Dales National Park Authority,17/08/2021,PI147776,236.40,ELLIS DEAN,S0357,Southern Dales (Craven  Lancs),Materials,,,,
Yorkshire Dales National Park Authority,17/08/2021,PI147776,553.70,ELLIS DEAN,S0357,Southern Dales (Craven  Lancs),Materials,,,,
Yorkshire Dales National Park Authority,17/08/2021,PI147652,335.99,J J EMBROIDERY LTD,S0394,Trading Account,Retail Stock Clothing VAT,,,,
Yorkshire Dales National Park Authority,17/08/2021,PI147488,110.34,POINTER LTD,S0563,Dales Countryside Museum,Security,,,,
Yorkshire Dales National Park Authority,17/08/2021,PI147833,114.81,POINTER LTD,S0563,Dales Countryside Museum,Security,,,,
Yorkshire Dales National Park Authority,17/08/2021,PI147612,124.33,POINTER LTD,S0563,Dales Countryside Museum,Security,,,,
Yorkshire Dales National Park Authority,17/08/2021,PI147826,175.68,FARRAH'S OF HARROGATE,S0708,Trading Account,Retail Stock Souvenirs,,,,
Yorkshire Dales National Park Authority,17/08/2021,PI147611,324.66,FARRAH'S OF HARROGATE,S0708,Trading Account,Retail Stock Souvenirs,,,,
Yorkshire Dales National Park Authority,17/08/2021,PI147607,12.09,IRON MOUNTAIN,S0854,Support Services,Offsite Storage,,,,
Yorkshire Dales National Park Authority,17/08/2021,PI147607,20.40,IRON MOUNTAIN,S0854,Support Services,Offsite Storage,,,,
Yorkshire Dales National Park Authority,17/08/2021,PI147607,354.32,IRON MOUNTAIN,S0854,Support Services,Offsite Storage,,,,
Yorkshire Dales National Park Authority,17/08/2021,PI147607,548.72,IRON MOUNTAIN,S0854,Support Services,Offsite Storage,,,,
Yorkshire Dales National Park Authority,17/08/2021,PI147618,25.00, BAINBRIDGE VILLAGE HALL,S0959,Farmed Land,Venue Hire,,,,
Yorkshire Dales National Park Authority,17/08/2021,PI147678,52.45,EDEN FARM SUPPLIES,S1311,Northern Dales (Richmondshire),Materials,,,,
Yorkshire Dales National Park Authority,17/08/2021,PI147678,85.60,EDEN FARM SUPPLIES,S1311,Northern Dales (Richmondshire),Materials,,,,
Yorkshire Dales National Park Authority,17/08/2021,PI147679,76.80,TOWN MILLS CRAFT CENTRE LTD T/A HOUSE OF MARBLES,S1331,Trading Account,Retail Stock Souvenirs,,,,
Yorkshire Dales National Park Authority,17/08/2021,PI147780,266.55,TOWN MILLS CRAFT CENTRE LTD T/A HOUSE OF MARBLES,S1331,Trading Account,Retail Stock Souvenirs,,,,
Yorkshire Dales National Park Authority,17/08/2021,PI147814,5.05,ARCO LTD,S1339,WMD 3.2 Skills for the future,Tools & Office Equipment,,,,
Yorkshire Dales National Park Authority,17/08/2021,PI147814,6.94,ARCO LTD,S1339,WMD 3.2 Skills for the future,Tools & Office Equipment,,,,
Yorkshire Dales National Park Authority,17/08/2021,PI147814,6.94,ARCO LTD,S1339,WMD 3.2 Skills for the future,Tools & Office Equipment,,,,
Yorkshire Dales National Park Authority,17/08/2021,PI147814,6.94,ARCO LTD,S1339,WMD 3.2 Skills for the future,Tools & Office Equipment,,,,
Yorkshire Dales National Park Authority,17/08/2021,PI147814,6.94,ARCO LTD,S1339,WMD 3.2 Skills for the future,Tools & Office Equipment,,,,
Yorkshire Dales National Park Authority,17/08/2021,PI147814,15.15,ARCO LTD,S1339,WMD 3.2 Skills for the future,Tools & Office Equipment,,,,
Yorkshire Dales National Park Authority,17/08/2021,PI147814,16.84,ARCO LTD,S1339,WMD 3.2 Skills for the future,Tools & Office Equipment,,,,
Yorkshire Dales National Park Authority,17/08/2021,PI147814,16.84,ARCO LTD,S1339,WMD 3.2 Skills for the future,Tools & Office Equipment,,,,
Yorkshire Dales National Park Authority,17/08/2021,PI147814,16.84,ARCO LTD,S1339,WMD 3.2 Skills for the future,Tools & Office Equipment,,,,
Yorkshire Dales National Park Authority,17/08/2021,PI147814,16.84,ARCO LTD,S1339,WMD 3.2 Skills for the future,Tools & Office Equipment,,,,
Yorkshire Dales National Park Authority,17/08/2021,PI147814,35.85,ARCO LTD,S1339,WMD 3.2 Skills for the future,Tools & Office Equipment,,,,
Yorkshire Dales National Park Authority,17/08/2021,PI147814,64.28,ARCO LTD,S1339,WMD 3.2 Skills for the future,Tools & Office Equipment,,,,
Yorkshire Dales National Park Authority,17/08/2021,PI147814,283.44,ARCO LTD,S1339,WMD 3.2 Skills for the future,Tools & Office Equipment,,,,
Yorkshire Dales National Park Authority,17/08/2021,PI147784,50.00,C H FAWCETT & SONS,S1516,Farmed Land,Consultancy,,,,
Yorkshire Dales National Park Authority,17/08/2021,PI147784,100.00,C H FAWCETT & SONS,S1516,Farmed Land,Consultancy,,,,
Yorkshire Dales National Park Authority,17/08/2021,PI147851,389.00,REDACTED PERSONAL DATA,S1713,Contracts - Access Rangers,Insurance,,,,
Yorkshire Dales National Park Authority,17/08/2021,PI147681,1062.50,REDACTED PERSONAL DATA,S1713,Contracts - Access Rangers,Property Rental,,,,
Yorkshire Dales National Park Authority,17/08/2021,PI147825,11883.09,LANCASHIRE COUNTY COUNCIL,S1823,National Trails,Grants Paid,,N/A,2020 - 2021,Pennine Bridleway Maintenance & Ranger
Yorkshire Dales National Park Authority,17/08/2021,PI147676,180.00,FIELD STUDIES COUNCIL,S1847,Outreach,Event Leaders,,,,
Yorkshire Dales National Park Authority,17/08/2021,PI147620,10.46,DARLINGTON COLLEGE,S1877,Training,Training,,,,
Yorkshire Dales National Park Authority,17/08/2021,PI147621,26.67,DARLINGTON COLLEGE,S1877,Training,Training,,,,
Yorkshire Dales National Park Authority,17/08/2021,PI147619,53.33,DARLINGTON COLLEGE,S1877,Training,Training,,,,
Yorkshire Dales National Park Authority,17/08/2021,PI147783,1090.00,HORTON LANDSCAPES LTD,S1949,Car Parks,Contractors (Construction),,,,
Yorkshire Dales National Park Authority,17/08/2021,PI147759,1330.00,HORTON LANDSCAPES LTD,S1949,Car Parks,Contractors (Construction),,,,
Yorkshire Dales National Park Authority,17/08/2021,PI147793,99.87,CORDEE LTD,S2018,Trading Account,Retail Stock Publications Non-VAT,,,,
Yorkshire Dales National Park Authority,17/08/2021,PI147576,212.74,CORDEE LTD,S2018,Trading Account,Retail Stock Publications Non-VAT,,,,
Yorkshire Dales National Park Authority,17/08/2021,PI147832,296.47,CORDEE LTD,S2018,Trading Account,Retail Stock Publications Non-VAT,,,,
Yorkshire Dales National Park Authority,17/08/2021,PI147608,2000.00,BUTTERFLY CONSERVATION,S2275,Community Wildlife Projects,Grants Paid,,254937,2021,The Limestone Lepidoptera Project
Yorkshire Dales National Park Authority,17/08/2021,PI147599,300.00,YORKSHIRE WILDLIFE TRUST,S2342,Farmed Land,Consultancy,,,,
Yorkshire Dales National Park Authority,17/08/2021,PI147476,300.00,YORKSHIRE FILM ARCHIVE,S2493,Dales Countryside Museum,Consultancy,,,,
Yorkshire Dales National Park Authority,17/08/2021,PI147629,8.99,THE OUTDOORS COMPANY,S2561,WMD 3.2 Skills for the future,Health & Safety Equipment,,,,
Yorkshire Dales National Park Authority,17/08/2021,PI147629,112.99,THE OUTDOORS COMPANY,S2561,WMD 3.2 Skills for the future,Health & Safety Equipment,,,,
Yorkshire Dales National Park Authority,17/08/2021,PI147629,112.99,THE OUTDOORS COMPANY,S2561,WMD 3.2 Skills for the future,Health & Safety Equipment,,,,
Yorkshire Dales National Park Authority,17/08/2021,PI147629,112.99,THE OUTDOORS COMPANY,S2561,WMD 3.2 Skills for the future,Health & Safety Equipment,,,,
Yorkshire Dales National Park Authority,17/08/2021,PI147629,112.99,THE OUTDOORS COMPANY,S2561,WMD 3.2 Skills for the future,Health & Safety Equipment,,,,
Yorkshire Dales National Park Authority,17/08/2021,PI147673,416.57,PURCHASE POWER,S2994,Dales Countryside Museum,Postage,,,,
Yorkshire Dales National Park Authority,17/08/2021,PI147584,236.00,EE LIMITED - DD,S3004,Contracts - Access Rangers,Mobile Phones,,,,
Yorkshire Dales National Park Authority,17/08/2021,PI147455,236.00,EE LIMITED - DD,S3004,IT Development,Mobile Phones,,,,
Yorkshire Dales National Park Authority,17/08/2021,PC147587,-50.00,EE LIMITED - DD,S3004,Member Costs,Mobile Phones,,,,
Yorkshire Dales National Park Authority,17/08/2021,PC147588,-50.00,EE LIMITED - DD,S3004,NPC General,Mobile Phones,,,,
Yorkshire Dales National Park Authority,17/08/2021,PI147455,236.00,EE LIMITED - DD,S3004,Outreach,Mobile Phones,,,,
Yorkshire Dales National Park Authority,17/08/2021,PI147856,6.00,LAND REGISTRY - DD,S3091,Development Management,Research & Surveys,,,,
Yorkshire Dales National Park Authority,17/08/2021,PI147855,7.95,ARCHER SIGNS & PANELS LTD,S3170,Land Holdings,Signage and Displays,,,,
Yorkshire Dales National Park Authority,17/08/2021,PI147824,9.95,ARCHER SIGNS & PANELS LTD,S3170,Land Holdings,Signage and Displays,,,,
Yorkshire Dales National Park Authority,17/08/2021,PI147855,75.00,ARCHER SIGNS & PANELS LTD,S3170,Land Holdings,Signage and Displays,,,,
Yorkshire Dales National Park Authority,17/08/2021,PI147824,130.00,ARCHER SIGNS & PANELS LTD,S3170,Land Holdings,Signage and Displays,,,,
Yorkshire Dales National Park Authority,17/08/2021,PI147813,84.37,GRANDMA WILD'S,S3171,Trading Account,Retail Stock Foodstuffs,,,,
Yorkshire Dales National Park Authority,17/08/2021,PI147613,266.95,GRANDMA WILD'S,S3171,Trading Account,Retail Stock Foodstuffs,,,,
Yorkshire Dales National Park Authority,17/08/2021,PI147823,75.00,JOHN JONES TRAINING & ASSESSMENT SERVICES,S3250,WMD 3.2 Skills for the future,Training,,,,
Yorkshire Dales National Park Authority,17/08/2021,PI147647,79.45,YORWASTE LTD,S3307,Dales Countryside Museum,Waste Collection,,,,
Yorkshire Dales National Park Authority,17/08/2021,PI147648,54.76,YORWASTE LTD,S3307,Northern Dales (Richmondshire),Waste Collection,,,,
Yorkshire Dales National Park Authority,17/08/2021,PI147648,59.09,YORWASTE LTD,S3307,Office Accomodation,Waste Collection,,,,
Yorkshire Dales National Park Authority,17/08/2021,PI147486,762.55,THE FARMER NETWORK LTD,S3382,Sustainable Development,Grants Paid,,5598877,2018-2021,Events & Training for Westmoreland Farmers
Yorkshire Dales National Park Authority,17/08/2021,PI147798,1860.48,JIM THOMPSON TRANSPORT LTD,S3565,Green Lanes,Materials,,,,
Yorkshire Dales National Park Authority,17/08/2021,PI147601,2451.98,JIM THOMPSON TRANSPORT LTD,S3565,Green Lanes,Contractors (Construction),,,,
Yorkshire Dales National Park Authority,17/08/2021,PI147757,313.60,JIM THOMPSON TRANSPORT LTD,S3565,Northern Dales (Richmondshire),Materials,,,,
Yorkshire Dales National Park Authority,17/08/2021,PI147616,235.24,VISIT ENGLAND ASSESSMENT SERVICES,S3566,Dales Countryside Museum,Membership Subscriptions,,,,
Yorkshire Dales National Park Authority,17/08/2021,PI147671,94.00,THOMSON REUTERS,S3574,Development Management,Books and Publications,,,,
Yorkshire Dales National Park Authority,17/08/2021,PI147457,1000.00,CIVICA UK LTD,S3593,Training,Training,,,,
Yorkshire Dales National Park Authority,17/08/2021,PI147795,249.78,BRISSCO SIGNS AND GRAPHICS,S3630,NPC Refurbishment,Signage and Displays,,,,
Yorkshire Dales National Park Authority,17/08/2021,PI147553,1567.71,HAYCOCK AND JAY ASSOCIATES LTD,S3682,Biodiversity,Contractors (Others),,,,
Yorkshire Dales National Park Authority,17/08/2021,PI147781,11.00,SEMERWATER ALPACA AMBLES,S3742,Dales Countryside Museum,Event Leaders,,,,
Yorkshire Dales National Park Authority,17/08/2021,PI147782,44.00,SEMERWATER ALPACA AMBLES,S3742,Dales Countryside Museum,Event Leaders,,,,
Yorkshire Dales National Park Authority,17/08/2021,PI147307,5.00,SCARBOROUGH BOROUGH COUNCIL,S3756,Legal Services,Legal Expenses,,,,
Yorkshire Dales National Park Authority,17/08/2021,PI147307,55.20,SCARBOROUGH BOROUGH COUNCIL,S3756,Legal Services,Legal Expenses,,,,
Yorkshire Dales National Park Authority,17/08/2021,PI147850,573.15,HERITAGE CARDS & SOUVENIRS,S3785,Trading Account,Retail Stock Souvenirs,,,,
Yorkshire Dales National Park Authority,17/08/2021,PI147660,40.04,ALLSTAR BUSINESS SOLUTIONS LTD,S3804,Contracts - Access Rangers,Vehicle Running Costs,,,,
Yorkshire Dales National Park Authority,17/08/2021,PI147659,240.63,ALLSTAR BUSINESS SOLUTIONS LTD,S3804,Contracts - Access Rangers,Vehicle Running Costs,,,,
Yorkshire Dales National Park Authority,17/08/2021,PI147661,272.50,ALLSTAR BUSINESS SOLUTIONS LTD,S3804,Contracts - Access Rangers,Vehicle Running Costs,,,,
Yorkshire Dales National Park Authority,17/08/2021,PI147662,276.15,ALLSTAR BUSINESS SOLUTIONS LTD,S3804,Contracts - Access Rangers,Vehicle Running Costs,,,,
Yorkshire Dales National Park Authority,17/08/2021,PI147658,347.27,ALLSTAR BUSINESS SOLUTIONS LTD,S3804,Contracts - Access Rangers,Vehicle Running Costs,,,,
Yorkshire Dales National Park Authority,17/08/2021,PI147658,41.71,ALLSTAR BUSINESS SOLUTIONS LTD,S3804,Northern Dales (Richmondshire),Consumables,,,,
Yorkshire Dales National Park Authority,17/08/2021,PI147653,3.32,SETTLE DIY LTD,S3876,Southern Dales (Craven  Lancs),Tools & Office Equipment,,,,
Yorkshire Dales National Park Authority,17/08/2021,PI147617,199.00,WORKING PLANET LTD,S4049,Corporate HR Staff Costs,Recruitment Costs,,,,
Yorkshire Dales National Park Authority,17/08/2021,PI147834,199.00,WORKING PLANET LTD,S4049,Corporate HR Staff Costs,Recruitment Costs,,,,
Yorkshire Dales National Park Authority,17/08/2021,PI147847,14.38,COMCENTRIX LTD T/A FREECOMM SERVICES,S4082,IT Development,Telephone,,,,
Yorkshire Dales National Park Authority,17/08/2021,PI147606,300.00,REDACTED PERSONAL DATA,S4094,Farmed Land,Consultancy,,,,
Yorkshire Dales National Park Authority,17/08/2021,PI147844,550.00,NIC DRAPER DESIGN,S4116,NPC Refurbishment,Signage and Displays,,,,
Yorkshire Dales National Park Authority,17/08/2021,PI147845,200.00,NIC DRAPER DESIGN,S4116,Recreational Activity,Printing,,,,
Yorkshire Dales National Park Authority,17/08/2021,PI147682,301.67,KETTLEWELL GARAGE,S4140,Contracts - Access Rangers,Vehicle Running Costs,,,,
Yorkshire Dales National Park Authority,17/08/2021,PI147863,0.74,COMPUTERSHARE VOUCHER SERVICES,S4143,Corporate HR Staff Costs,Employee Benefits Schemes  Admin Costs,,,,
Yorkshire Dales National Park Authority,17/08/2021,PI147830,21255.11,DERBYSHIRE COUNTY COUNCIL,S4397,National Trails,Grants Paid,,N/A,2020 - 2021,Pennine Bridleway Maintenance & Ranger
Yorkshire Dales National Park Authority,17/08/2021,PI147680,478.81,YELLOW PUBLICATIONS LTD,S4412,Trading Account,Retail Stock Publications Non-VAT,,,,
Yorkshire Dales National Park Authority,17/08/2021,CARPARK CHGS - 17/08/21,398.62,SIX PAYMENT SERVICES LTD,S4524,Car Parks,Bank Charges,,,,
Yorkshire Dales National Park Authority,17/08/2021,PI147787,2.39,GARDNERS BOOKS,S4535,Trading Account,Retail Stock Publications Non-VAT,,,,
Yorkshire Dales National Park Authority,17/08/2021,PI147574,101.60,GARDNERS BOOKS,S4535,Trading Account,Retail Stock Souvenirs,,,,
Yorkshire Dales National Park Authority,17/08/2021,PI147663,167.76,GARDNERS BOOKS,S4535,Trading Account,Retail Stock Publications Non-VAT,,,,
Yorkshire Dales National Park Authority,17/08/2021,PI147664,263.80,GARDNERS BOOKS,S4535,Trading Account,Retail Stock Publications Non-VAT,,,,
Yorkshire Dales National Park Authority,17/08/2021,PI147574,645.84,GARDNERS BOOKS,S4535,Trading Account,Retail Stock Publications Non-VAT,,,,
Yorkshire Dales National Park Authority,17/08/2021,PI147665,649.92,GARDNERS BOOKS,S4535,Trading Account,Retail Stock Publications Non-VAT,,,,
Yorkshire Dales National Park Authority,17/08/2021,PI147623,80.00,GREAT ASBY VILLAGE HALL,S4563,WMD Westmorland Dales Overheads,Venue Hire,,,,
Yorkshire Dales National Park Authority,17/08/2021,PI147807,420.00,THE PEBBLE SHOP,S4589,Trading Account,Retail Stock Souvenirs,,,,
Yorkshire Dales National Park Authority,17/08/2021,PI147848,333.33,SILVER YARD,S4640,Contracts - Access Rangers,Property Rental,,,,
Yorkshire Dales National Park Authority,17/08/2021,PI147625,2610.74,BOW HOUSE DIGITAL LIMITED,S4664,Communications,Distribution,,,,
Yorkshire Dales National Park Authority,17/08/2021,PI147609,589.92,ENTERPRISE FLEX-E-RENT,S4744,WMD 3.2 Skills for the future,Vehicle Leasing,,,,
Yorkshire Dales National Park Authority,17/08/2021,PI147777,33.00,JOMANDA LIMITED,S4767,Trading Account,Retail Stock Clothing Non-VAT,,,,
Yorkshire Dales National Park Authority,17/08/2021,PI147777,434.34,JOMANDA LIMITED,S4767,Trading Account,Retail Stock Souvenirs,,,,
Yorkshire Dales National Park Authority,17/08/2021,PI147762,357.00,OUTSTANDING MAP DISTRIBUTORS LTD,S4842,Trading Account,Retail Stock Maps Non-VAT,,,,
Yorkshire Dales National Park Authority,17/08/2021,PI147761,360.00,OUTSTANDING MAP DISTRIBUTORS LTD,S4842,Trading Account,Retail Stock Maps Non-VAT,,,,
Yorkshire Dales National Park Authority,17/08/2021,PI147614,18.70,DALES DAIRIES,S4895,Dales Countryside Museum,Catering (Internal),,,,
Yorkshire Dales National Park Authority,17/08/2021,PI147615,30.25,DALES DAIRIES,S4895,Support Services,Catering (Internal),,,,
Yorkshire Dales National Park Authority,17/08/2021,PI147897,697.00,NLA MEDIA ACCESS,S4924,Communications,Books and Publications,,,,
Yorkshire Dales National Park Authority,17/08/2021,PI147831,436.80,LANDSCAPE & LIGHT PHOTOGRAPHY - ANDY AUGHEY,S4928,Trading Account,Retail Stock Souvenirs,,,,
Yorkshire Dales National Park Authority,17/08/2021,PI147866,9850.00,ALPHA LAN SYSTEMS LTD,S4963,IT Development,IT-Software Maintenance,,,,
Yorkshire Dales National Park Authority,17/08/2021,PI147480,584.10,DEMPSON LTD,S5040,Retail Services O/H,Tools & Office Equipment,,,,
Yorkshire Dales National Park Authority,17/08/2021,PI147764,1119.96,ASPIRE TECHNOLOGY SOLUTIONS LIMITED,S5053,IT Development,Telephone,,,,
Yorkshire Dales National Park Authority,17/08/2021,PI147517,21.60,SALIX RIVER AND WETLAND SERVICES LTD,S5124,Western Dales (Cumbria),Tools & Office Equipment,,,,
Yorkshire Dales National Park Authority,17/08/2021,PI147517,113.00,SALIX RIVER AND WETLAND SERVICES LTD,S5124,Western Dales (Cumbria),Delivery Charges,,,,
Yorkshire Dales National Park Authority,17/08/2021,PI147517,170.00,SALIX RIVER AND WETLAND SERVICES LTD,S5124,Western Dales (Cumbria),Tools & Office Equipment,,,,
Yorkshire Dales National Park Authority,17/08/2021,PI147517,249.60,SALIX RIVER AND WETLAND SERVICES LTD,S5124,Western Dales (Cumbria),Tools & Office Equipment,,,,
Yorkshire Dales National Park Authority,17/08/2021,PI147517,2013.00,SALIX RIVER AND WETLAND SERVICES LTD,S5124,Western Dales (Cumbria),Delivery Charges,,,,
Yorkshire Dales National Park Authority,17/08/2021,PI147517,4365.00,SALIX RIVER AND WETLAND SERVICES LTD,S5124,Western Dales (Cumbria),Tools & Office Equipment,,,,
Yorkshire Dales National Park Authority,17/08/2021,PI147517,6622.00,SALIX RIVER AND WETLAND SERVICES LTD,S5124,Western Dales (Cumbria),Tools & Office Equipment,,,,
Yorkshire Dales National Park Authority,17/08/2021,PI147838,168.00,YORKSHIRE FLAPJACK,S5139,Trading Account,Retail Stock Foodstuffs,,,,
Yorkshire Dales National Park Authority,17/08/2021,PI147768,130.80,TMP (UK) LTD,S5155,Development Management,Advertising,,,,
Yorkshire Dales National Park Authority,17/08/2021,PI147767,251.80,TMP (UK) LTD,S5155,Development Management,Advertising,,,,
Yorkshire Dales National Park Authority,17/08/2021,PI147799,216.00,HEARTWOOD ENTERPRISES,S5207,WMD 3.3 Discovering Westmorland Dales,Materials,,,,
Yorkshire Dales National Park Authority,17/08/2021,PI147801,64.30,HAWES NEWSAGENTS,S5289,Support Services,Books and Publications,,,,
Yorkshire Dales National Park Authority,17/08/2021,PI147840,170.00,THE MILFORD COLLECTION,S5368,Trading Account,Retail Stock Souvenirs,,,,
Yorkshire Dales National Park Authority,17/08/2021,PI147839,847.50,THE MILFORD COLLECTION,S5368,Trading Account,Retail Stock Souvenirs,,,,
Yorkshire Dales National Park Authority,17/08/2021,PI147604,545.59,AVC WISE LTD,S5396,Corporate HR Staff Costs,Employee Benefits Schemes  Admin Costs,,,,
Yorkshire Dales National Park Authority,17/08/2021,PI147670,978.71,CARTE BLANCHE GREETINGS LTD,S5419,Trading Account,Retail Stock Souvenirs,,,,
Yorkshire Dales National Park Authority,17/08/2021,PI147860,2250.00,MINERVA SIPP,S5445,WMD Westmorland Dales Overheads,Property Rental,,,,
Yorkshire Dales National Park Authority,17/08/2021,PI147828,5.72,CITRON HYGIENE UK LTD,S5495,Dales Countryside Museum,Waste Collection,,,,
Yorkshire Dales National Park Authority,17/08/2021,PI147829,15.80,CITRON HYGIENE UK LTD,S5495,Dales Countryside Museum,Waste Collection,,,,
Yorkshire Dales National Park Authority,17/08/2021,PI147471,1314.41,SCOTTISH WATER BUSINESS STREAM LTD,S5503,Dales Countryside Museum,Water,,,,
Yorkshire Dales National Park Authority,17/08/2021,PI147651,200.00,REDACTED PERSONAL DATA,S5597,Trading Account,Retail Stock Publications Non-VAT,,,,
Yorkshire Dales National Park Authority,17/08/2021,PI147821,62.50,RICHMOND INFORMATION CENTRE,S5622,Trading Account,Retail Stock Publications Non-VAT,,,,
Yorkshire Dales National Park Authority,17/08/2021,PI147674,126.58,AAFD SERVICES LTD,S5634,Contracts - Access Rangers,Cleaning,,,,
Yorkshire Dales National Park Authority,17/08/2021,PI147672,297.44,AAFD SERVICES LTD,S5634,NPC General,Cleaning,,,,
Yorkshire Dales National Park Authority,17/08/2021,PI147674,330.11,AAFD SERVICES LTD,S5634,NPC General,Cleaning,,,,
Yorkshire Dales National Park Authority,17/08/2021,PI147674,119.14,AAFD SERVICES LTD,S5634,Office Accomodation,Cleaning,,,,
Yorkshire Dales National Park Authority,17/08/2021,PI147672,156.89,AAFD SERVICES LTD,S5634,Office Accomodation,Cleaning,,,,
Yorkshire Dales National Park Authority,17/08/2021,PI147672,1101.53,AAFD SERVICES LTD,S5634,Office Accomodation,Cleaning,,,,
Yorkshire Dales National Park Authority,17/08/2021,PI147672,1712.76,AAFD SERVICES LTD,S5634,Toilets,Cleaning,,,,
Yorkshire Dales National Park Authority,17/08/2021,PI147674,1906.19,AAFD SERVICES LTD,S5634,Toilets,Cleaning,,,,
Yorkshire Dales National Park Authority,17/08/2021,PI147874,8.25,DELIVER NET,S5710,Toilets,Consumables,,,,
Yorkshire Dales National Park Authority,17/08/2021,PI147874,28.88,DELIVER NET,S5710,Toilets,Consumables,,,,
Yorkshire Dales National Park Authority,17/08/2021,PI147874,233.40,DELIVER NET,S5710,Toilets,Consumables,,,,
Yorkshire Dales National Park Authority,17/08/2021,PI147667,50.00,CROFT FARM PARTNERSHIP,S5743,Farmed Land,Consultancy,,,,
Yorkshire Dales National Park Authority,17/08/2021,PI147667,100.00,CROFT FARM PARTNERSHIP,S5743,Farmed Land,Consultancy,,,,
Yorkshire Dales National Park Authority,17/08/2021,PI147610,7.00,TELEFONICA UK LIMITED (O2),S5759,Development Management,Mobile Phones,,,,
Yorkshire Dales National Park Authority,17/08/2021,PI147610,7.00,TELEFONICA UK LIMITED (O2),S5759,Development Management,Mobile Phones,,,,
Yorkshire Dales National Park Authority,17/08/2021,PI147610,7.00,TELEFONICA UK LIMITED (O2),S5759,Employees,Mobile Phones,,,,
Yorkshire Dales National Park Authority,17/08/2021,PI147765,180.00,MANAGEMENT CENTRE LEARNING LIMITED,S5773,Training,Training,,,,
Yorkshire Dales National Park Authority,17/08/2021,PI147765,180.00,MANAGEMENT CENTRE LEARNING LIMITED,S5773,Training,Training,,,,
Yorkshire Dales National Park Authority,17/08/2021,PI147836,4575.30,CRAVEN CONCRETE,S5777,Green Lanes,Contractors (Construction),,,,
Yorkshire Dales National Park Authority,17/08/2021,PI147758,570.00,TAC DESIGN LTD,S5794,Web Based Services,IT-Websites,,,,
Yorkshire Dales National Park Authority,17/08/2021,PI147898,97.51,SCOTT & SARGEANT,S5798,Maintenance Offices,Materials,,,,
Yorkshire Dales National Park Authority,17/08/2021,PI147583,150.00,SAFE ENVIRONMENT (UK) LTD,S5832,Maintenance Offices,Premises Maintenance,,,,
Yorkshire Dales National Park Authority,17/08/2021,PI147602,1976.00,MCMULLAN STUDIO,S5851,Development Planning,Consultancy,,,,
Yorkshire Dales National Park Authority,17/08/2021,PI147775,8.52,URBASER LTD,S5861,Contracts - Access Rangers,Waste Collection,,,,
Yorkshire Dales National Park Authority,17/08/2021,PI147624,85.00,CROWS,S5880,National Trails,Contractors (Others),,,,
Yorkshire Dales National Park Authority,17/08/2021,PI147592,300.00,K & M SOWERBY & SON,S5888,Farmed Land,Consultancy,,,,
Yorkshire Dales National Park Authority,17/08/2021,PI147875,5.02,ANGLIAN WATER BUSINESS T/A WAVE UTILITIES,S5902,Car Parks,Water,,,,
Yorkshire Dales National Park Authority,17/08/2021,PI147534,7.29,ANGLIAN WATER BUSINESS T/A WAVE UTILITIES,S5902,Car Parks,Water,,,,
Yorkshire Dales National Park Authority,17/08/2021,PI147876,18.10,ANGLIAN WATER BUSINESS T/A WAVE UTILITIES,S5902,Car Parks,Water,,,,
Yorkshire Dales National Park Authority,17/08/2021,PI147871,22.26,ANGLIAN WATER BUSINESS T/A WAVE UTILITIES,S5902,Car Parks,Water,,,,
Yorkshire Dales National Park Authority,17/08/2021,PI147525,26.28,ANGLIAN WATER BUSINESS T/A WAVE UTILITIES,S5902,Car Parks,Water,,,,
Yorkshire Dales National Park Authority,17/08/2021,PI147537,26.28,ANGLIAN WATER BUSINESS T/A WAVE UTILITIES,S5902,Car Parks,Water,,,,
Yorkshire Dales National Park Authority,17/08/2021,PI147528,32.31,ANGLIAN WATER BUSINESS T/A WAVE UTILITIES,S5902,Car Parks,Water,,,,
Yorkshire Dales National Park Authority,17/08/2021,PI147524,5.26,ANGLIAN WATER BUSINESS T/A WAVE UTILITIES,S5902,Contracts - Access Rangers,Water,,,,
Yorkshire Dales National Park Authority,17/08/2021,PI147883,7.75,ANGLIAN WATER BUSINESS T/A WAVE UTILITIES,S5902,Contracts - Access Rangers,Water,,,,
Yorkshire Dales National Park Authority,17/08/2021,PI147543,18.04,ANGLIAN WATER BUSINESS T/A WAVE UTILITIES,S5902,Contracts - Access Rangers,Water,,,,
Yorkshire Dales National Park Authority,17/08/2021,PI147885,38.80,ANGLIAN WATER BUSINESS T/A WAVE UTILITIES,S5902,Contracts - Access Rangers,Water,,,,
Yorkshire Dales National Park Authority,17/08/2021,PI147531,169.16,ANGLIAN WATER BUSINESS T/A WAVE UTILITIES,S5902,Dales Countryside Museum,Water,,,,
Yorkshire Dales National Park Authority,17/08/2021,PI147884,10.97,ANGLIAN WATER BUSINESS T/A WAVE UTILITIES,S5902,Grassington NPC,Water,,,,
Yorkshire Dales National Park Authority,17/08/2021,PI147530,43.60,ANGLIAN WATER BUSINESS T/A WAVE UTILITIES,S5902,Office Accomodation,Water,,,,
Yorkshire Dales National Park Authority,17/08/2021,PI147889,51.52,ANGLIAN WATER BUSINESS T/A WAVE UTILITIES,S5902,Office Accomodation,Water,,,,
Yorkshire Dales National Park Authority,17/08/2021,PI147887,95.36,ANGLIAN WATER BUSINESS T/A WAVE UTILITIES,S5902,Office Accomodation,Water,,,,
Yorkshire Dales National Park Authority,17/08/2021,PI147877,3.90,ANGLIAN WATER BUSINESS T/A WAVE UTILITIES,S5902,Toilets,Water,,,,
Yorkshire Dales National Park Authority,17/08/2021,PI147881,43.16,ANGLIAN WATER BUSINESS T/A WAVE UTILITIES,S5902,Toilets,Water,,,,
Yorkshire Dales National Park Authority,17/08/2021,PI147879,75.37,ANGLIAN WATER BUSINESS T/A WAVE UTILITIES,S5902,Toilets,Water,,,,
Yorkshire Dales National Park Authority,17/08/2021,PI147890,135.22,ANGLIAN WATER BUSINESS T/A WAVE UTILITIES,S5902,Toilets,Water,,,,
Yorkshire Dales National Park Authority,17/08/2021,PI147886,154.29,ANGLIAN WATER BUSINESS T/A WAVE UTILITIES,S5902,Toilets,Water,,,,
Yorkshire Dales National Park Authority,17/08/2021,PI147882,176.42,ANGLIAN WATER BUSINESS T/A WAVE UTILITIES,S5902,Toilets,Water,,,,
Yorkshire Dales National Park Authority,17/08/2021,PI147878,237.97,ANGLIAN WATER BUSINESS T/A WAVE UTILITIES,S5902,Toilets,Water,,,,
Yorkshire Dales National Park Authority,17/08/2021,PI147880,535.75,ANGLIAN WATER BUSINESS T/A WAVE UTILITIES,S5902,Toilets,Water,,,,
Yorkshire Dales National Park Authority,17/08/2021,PI147891,20.46,ANGLIAN WATER BUSINESS T/A WAVE UTILITIES,S5902,WMD Westmorland Dales Overheads,Water,,,,
Yorkshire Dales National Park Authority,17/08/2021,PI147605,300.00,RAYDALE HOUSE ESTATE,S5908,Farmed Land,Consultancy,,,,
Yorkshire Dales National Park Authority,17/08/2021,PI147650,300.00,J SUNTER & SONS,S5911,Farmed Land,Consultancy,,,,
Yorkshire Dales National Park Authority,17/08/2021,PI147796,3400.00,CLACH CONSERVATION ENGINEERING LTD,S5931,WMD 2.6 Traditional Farm Buildings,Contractors (Others),,,,
Yorkshire Dales National Park Authority,17/08/2021,PI147622,2210.00,SUNBELT RENTALS LTD,S5936,Western Dales (Cumbria),Contractors (Construction),,,,
Yorkshire Dales National Park Authority,17/08/2021,PI147808,200.00,HERITAGE HOUSE (PUBLISHERS) LTD,S5960,Tourism,Printing,,,,
Yorkshire Dales National Park Authority,17/08/2021,PI147820,81.25,HERITAGE HOUSE (PUBLISHERS) LTD,S5960,Trading Account,Retail Stock Maps Non-VAT,,,,
Yorkshire Dales National Park Authority,17/08/2021,PI147896,50.00,REDACTED PERSONAL DATA,S5967,Farmed Land,Consultancy,,,,
Yorkshire Dales National Park Authority,17/08/2021,PI147896,100.00,REDACTED PERSONAL DATA,S5967,Farmed Land,Consultancy,,,,
Yorkshire Dales National Park Authority,17/08/2021,PI147805,448.00,GREENLAND SEEDS LTD,S5969,Southern Dales (Craven  Lancs),Materials,,,,
Yorkshire Dales National Park Authority,17/08/2021,PI147628,300.00,WOOD END FARM,S5972,Farmed Land,Consultancy,,,,
Yorkshire Dales National Park Authority,17/08/2021,PI147861,5.00,ELEGANT WRAPS UK,S5983,Trading Account,Delivery Charges,,,,
Yorkshire Dales National Park Authority,17/08/2021,PI147861,240.00,ELEGANT WRAPS UK,S5983,Trading Account,Retail Stock Posters and Postcards VAT,,,,
Yorkshire Dales National Park Authority,17/08/2021,PI147763,175.00,BRITISH RED CROSS SOCIETY,S5986,Outreach,Vehicle Hire,,,,
Yorkshire Dales National Park Authority,17/08/2021,PI147668,159.20,PROFESSIONAL DEVELOPMENT GROUP T/A GOVERNMENT EVEN,S5987,Training,Training,,,,
Yorkshire Dales National Park Authority,17/08/2021,PI147766,289.00,PROFESSIONAL DEVELOPMENT GROUP T/A GOVERNMENT EVEN,S5987,Training,Training,,,,
Yorkshire Dales National Park Authority,17/08/2021,PI147645,240.50,BRANDART LTD,S5990,Trading Account,Retail Stock Souvenirs,,,,
Yorkshire Dales National Park Authority,17/08/2021,PI147666,4066.98,VIPRE SECURITY LIMITED,S5992,IT Development,IT- Software/Licence Purchases,,,,
Yorkshire Dales National Park Authority,17/08/2021,PI147666,5213.52,VIPRE SECURITY LIMITED,S5992,IT Development,IT- Software/Licence Purchases,,,,
Yorkshire Dales National Park Authority,17/08/2021,PI147802,20.00,HARTLEY HIRE,S5996,Western Dales (Cumbria),Materials,,,,
Yorkshire Dales National Park Authority,17/08/2021,PI147802,20.00,HARTLEY HIRE,S5996,Western Dales (Cumbria),Materials,,,,
Yorkshire Dales National Park Authority,17/08/2021,PI147802,46.00,HARTLEY HIRE,S5996,Western Dales (Cumbria),Materials,,,,
Yorkshire Dales National Park Authority,17/08/2021,PI147802,46.00,HARTLEY HIRE,S5996,Western Dales (Cumbria),Materials,,,,
Yorkshire Dales National Park Authority,17/08/2021,PI147802,46.00,HARTLEY HIRE,S5996,Western Dales (Cumbria),Materials,,,,
Yorkshire Dales National Park Authority,18/08/2021,PCARD-2022/005,134.70,EVAQ8,N/A,Health & Safety,Health & Safety Equipment,Y,,,
Yorkshire Dales National Park Authority,18/08/2021,PCARD-2022/005,32.45,SAFETY BOOTS UK,N/A,Health & Safety,Health & Safety Equipment,Y,,,
Yorkshire Dales National Park Authority,18/08/2021,PCARD-2022/005,22.88,J T ATKINSON & SONS LTD,S0045,Western Dales (Cumbria),Materials,Y,,,
Yorkshire Dales National Park Authority,18/08/2021,EDC 40225807 2022/005,117.00,EDEN DISTRICT COUNCIL,S0803,Contracts - Access Rangers,Rates,,,,
Yorkshire Dales National Park Authority,18/08/2021,EDC 40242369 2022/005,229.00,EDEN DISTRICT COUNCIL,S0803,WMD Westmorland Dales Overheads,Rates,,,,
Yorkshire Dales National Park Authority,18/08/2021,PCARD-2022/005,153.18,AMAZON.CO.UK,S1426,Health & Safety,Health & Safety Equipment,Y,,,
Yorkshire Dales National Park Authority,18/08/2021,PCARD-2022/005,6.07,AMAZON.CO.UK,S1426,IT Development,IT- Hardware Purchases,Y,,,
Yorkshire Dales National Park Authority,19/08/2021,PCARD-2022/005,137.24,J T ATKINSON & SONS LTD,S0045,Western Dales (Cumbria),Materials,Y,,,
Yorkshire Dales National Park Authority,19/08/2021,PCARD-2022/005,333.00,AMAZON.CO.UK,S1426,IT Development,IT- Hardware Purchases,Y,,,
Yorkshire Dales National Park Authority,20/08/2021,PCARD-2022/005,118.99,BOSTON SEEDS,N/A,Western Dales (Cumbria),Materials,Y,,,
Yorkshire Dales National Park Authority,20/08/2021,PCARD-2022/005,300.00,DTA PUBLICATIONS,N/A,Biodiversity,Books and Publications,Y,,,
Yorkshire Dales National Park Authority,20/08/2021,PCARD-2022/005,116.50,HARTLINGTON FENCING SUPPLIES,S0058,Southern Dales (Craven  Lancs),Materials,Y,,,
Yorkshire Dales National Park Authority,21/08/2021,PCARD-2022/005,9.08,BUZZSPROUT,N/A,Communications,IT-Websites,Y,,,
Yorkshire Dales National Park Authority,22/08/2021,PCARD-2022/005,17.47,AMAZON.CO.UK,S1426,Dales Countryside Museum,Materials,Y,,,
Yorkshire Dales National Park Authority,23/08/2021,PCARD-2022/005,18.97,B&M,N/A,Land Holdings,Materials,Y,,,
Yorkshire Dales National Park Authority,23/08/2021,PCARD-2022/005,64.00,BOOKER LIMITED,N/A,Trading Account,Retail Stock Publications Non-VAT,Y,,,
Yorkshire Dales National Park Authority,23/08/2021,PCARD-2022/005,245.90,BOOKER LIMITED,N/A,Trading Account,Retail Stock Foodstuffs VAT,Y,,,
Yorkshire Dales National Park Authority,23/08/2021,PCARD-2022/005,96.20,SIMON WINSTANLEY LTD,S0123,Northern Dales (Richmondshire),Materials,Y,,,
Yorkshire Dales National Park Authority,23/08/2021,PI147675,724.61,EE LIMITED - DD,S3004,Support Services,Mobile Phones,,,,
Yorkshire Dales National Park Authority,24/08/2021,PCARD-2022/005,58.70,IRONMONGERY DIRECT LTD,N/A,Maintenance Toilets,Materials,Y,,,
Yorkshire Dales National Park Authority,24/08/2021,PCARD-2022/005,13.93,J T ATKINSON & SONS LTD,S0045,Dales Countryside Museum,Equipment Repairs and Maint,Y,,,
Yorkshire Dales National Park Authority,24/08/2021,PCARD-2022/005,9.58,AMAZON.CO.UK,S1426,Dales Countryside Museum,Materials,Y,,,
Yorkshire Dales National Park Authority,24/08/2021,CARPARK CHGS - 24/08/21,352.81,SIX PAYMENT SERVICES LTD,S4524,Car Parks,Bank Charges,,,,
Yorkshire Dales National Park Authority,25/08/2021,PCARD-2022/005,16.67,BATCHELORE OF RIPON,N/A,Contracts - Access Rangers,Vehicle Repairs and Maint,Y,,,
Yorkshire Dales National Park Authority,25/08/2021,PCARD-2022/005,43.99,ZOOM,N/A,WMD Westmorland Dales Overheads,IT - Licences,Y,,,
Yorkshire Dales National Park Authority,25/08/2021,PCARD-2022/005,4.12,AMAZON.CO.UK,S1426,IT Development,IT- Hardware Purchases,Y,,,
Yorkshire Dales National Park Authority,25/08/2021,PCARD-2022/005,18.74,3 PEAKS CYCLES,S2415,Pennine Bridleway,Equipment Repairs and Maint,Y,,,
Yorkshire Dales National Park Authority,25/08/2021,PCARD-2022/005,62.99,3 PEAKS CYCLES,S2415,Pennine Bridleway,Health & Safety Equipment,Y,,,
Yorkshire Dales National Park Authority,25/08/2021,PI147910,574.55,EUROPARC FEDERATION,S2804,Support Services,Membership Subscriptions,,,,
Yorkshire Dales National Park Authority,26/08/2021,PCARD-2022/005,187.00,CIEEM,N/A,Biodiversity,Membership Subscriptions,Y,,,
Yorkshire Dales National Park Authority,26/08/2021,PCARD-2022/005,45.82,FLARE AUDIO LTD,N/A,Interpretation,Materials,Y,,,
Yorkshire Dales National Park Authority,26/08/2021,PCARD-2022/005,10.00,CARRS BILLINGTON AGRICULTURAL (SALES) LTD,S0140,Dales Countryside Museum,Materials,Y,,,
Yorkshire Dales National Park Authority,27/08/2021,PCARD-2022/005,67.20,SHOPFITTING WAREHOUSE,N/A,Dales Countryside Museum,Signage and Displays,Y,,,
Yorkshire Dales National Park Authority,27/08/2021,PI147865,299.90,BRITISH TELECOM PLC - DD,S0023,IT Development,Telephone,,,,
Yorkshire Dales National Park Authority,27/08/2021,PCARD-2022/005,17.49,SCREWFIX DIRECT,S0285,Maintenance Offices,Materials,Y,,,
Yorkshire Dales National Park Authority,28/08/2021,PCARD-2022/005,21.97,J T ATKINSON & SONS LTD,S0045,Northern Dales (Richmondshire),Materials,Y,,,
Yorkshire Dales National Park Authority,31/08/2021,PI147941,110.00,NORTH YORKSHIRE COUNTY COUNCIL,S0012,Corporate HR Staff Costs,DBS Charges,,,,
Yorkshire Dales National Park Authority,31/08/2021,PI147594,165.00,NORTH YORKSHIRE COUNTY COUNCIL,S0012,Volunteers,DBS Charges,,,,
Yorkshire Dales National Park Authority,31/08/2021,PC148068,-2102.52,CRAVEN DISTRICT COUNCIL,S0014,Office Accomodation,Waste Collection,,,,
Yorkshire Dales National Park Authority,31/08/2021,PI148070,1989.42,CRAVEN DISTRICT COUNCIL,S0014,Office Accomodation,Waste Collection,,,,
Yorkshire Dales National Park Authority,31/08/2021,PI147956,106.68,CRAVEN DISTRICT COUNCIL,S0014,Trading Account,Retail Stock Souvenirs,,,,
Yorkshire Dales National Park Authority,31/08/2021,PI147938,63.00,BRITISH TELECOM PLC - DD,S0023,IT Development,Telephone,,,,
Yorkshire Dales National Park Authority,31/08/2021,PCARD-2022/005,19.44,J T ATKINSON & SONS LTD,S0045,Dales Countryside Museum,Equipment Repairs and Maint,Y,,,
Yorkshire Dales National Park Authority,31/08/2021,PCARD-2022/005,19.63,J T ATKINSON & SONS LTD,S0045,Northern Dales (Richmondshire),Materials,Y,,,
Yorkshire Dales National Park Authority,31/08/2021,PCARD-2022/005,37.26,J T ATKINSON & SONS LTD,S0045,Northern Dales (Richmondshire),Materials,Y,,,
Yorkshire Dales National Park Authority,31/08/2021,PI148062,316.80,EMBLEM PRINT PRODUCTS LTD,S0047,Trading Account,Retail Stock Souvenirs,,,,
Yorkshire Dales National Park Authority,31/08/2021,PI147638,70.00,SETTLE COAL COMPANY LTD,S0052,Southern Dales (Craven  Lancs),Materials,,,,
Yorkshire Dales National Park Authority,31/08/2021,PI148072,6929.00,LEN PORTER FENCING,S0141,Land Management Partnersips,Contractors (Others),,,,
Yorkshire Dales National Park Authority,31/08/2021,PI147846,90.00,GRASSINGTON DEVONSHIRE INSTITIUTE,S0188,Volunteers,Venue Hire,,,,
Yorkshire Dales National Park Authority,31/08/2021,PI147905,125.00,COUNTRYSIDE JOBS SERVICE,S0211,Corporate HR Staff Costs,Recruitment Costs,,,,
Yorkshire Dales National Park Authority,31/08/2021,PI148077,125.00,COUNTRYSIDE JOBS SERVICE,S0211,Corporate HR Staff Costs,Recruitment Costs,,,,
Yorkshire Dales National Park Authority,31/08/2021,PI147916,6.12,NPOWER LTD,S0225,Aysgarth Falls NPC,Electricity,,,,
Yorkshire Dales National Park Authority,31/08/2021,PI147928,384.31,NPOWER LTD,S0225,Aysgarth Falls NPC,Electricity,,,,
Yorkshire Dales National Park Authority,31/08/2021,PI147927,18.09,NPOWER LTD,S0225,Contracts - Access Rangers,Electricity,,,,
Yorkshire Dales National Park Authority,31/08/2021,PI147919,76.93,NPOWER LTD,S0225,Contracts - Access Rangers,Electricity,,,,
Yorkshire Dales National Park Authority,31/08/2021,PI147912,96.43,NPOWER LTD,S0225,Contracts - Access Rangers,Electricity,,,,
Yorkshire Dales National Park Authority,31/08/2021,PI147920,78.16,NPOWER LTD,S0225,Dales Countryside Museum,Electricity,,,,
Yorkshire Dales National Park Authority,31/08/2021,PI147957,330.21,NPOWER LTD,S0225,Dales Countryside Museum,Electricity,,,,
Yorkshire Dales National Park Authority,31/08/2021,PI147926,76.13,NPOWER LTD,S0225,Grassington NPC,Electricity,,,,
Yorkshire Dales National Park Authority,31/08/2021,PI147917,281.24,NPOWER LTD,S0225,Malham NPC,Electricity,,,,
Yorkshire Dales National Park Authority,31/08/2021,PI147914,10.04,NPOWER LTD,S0225,Office Accomodation,Electricity,,,,
Yorkshire Dales National Park Authority,31/08/2021,PI147922,10.42,NPOWER LTD,S0225,Office Accomodation,Electricity,,,,
Yorkshire Dales National Park Authority,31/08/2021,PI147923,232.57,NPOWER LTD,S0225,Office Accomodation,Electricity,,,,
Yorkshire Dales National Park Authority,31/08/2021,PI147921,347.49,NPOWER LTD,S0225,Office Accomodation,Electricity,,,,
Yorkshire Dales National Park Authority,31/08/2021,PI147915,42.73,NPOWER LTD,S0225,Toilets,Electricity,,,,
Yorkshire Dales National Park Authority,31/08/2021,PI147929,57.04,NPOWER LTD,S0225,Toilets,Electricity,,,,
Yorkshire Dales National Park Authority,31/08/2021,PI147913,63.90,NPOWER LTD,S0225,Toilets,Electricity,,,,
Yorkshire Dales National Park Authority,31/08/2021,PI147930,81.70,NPOWER LTD,S0225,Toilets,Electricity,,,,
Yorkshire Dales National Park Authority,31/08/2021,PI147925,87.86,NPOWER LTD,S0225,Toilets,Electricity,,,,
Yorkshire Dales National Park Authority,31/08/2021,PI147924,93.74,NPOWER LTD,S0225,Toilets,Electricity,,,,
Yorkshire Dales National Park Authority,31/08/2021,PI147911,147.86,NPOWER LTD,S0225,Toilets,Electricity,,,,
Yorkshire Dales National Park Authority,31/08/2021,PI147918,73.03,NPOWER LTD,S0225,WMD Westmorland Dales Overheads,Electricity,,,,
Yorkshire Dales National Park Authority,31/08/2021,PI147946,419.10,AJ PROMOTIONS,S0393,Trading Account,Retail Stock Souvenirs,,,,
Yorkshire Dales National Park Authority,31/08/2021,PI147932,400.00,CONISTON GIFTS,S0583,Trading Account,Retail Stock Souvenirs,,,,
Yorkshire Dales National Park Authority,31/08/2021,PI148078,4.95,ARCO LTD,S1339,WMD 3.2 Skills for the future,Tools & Office Equipment,,,,
Yorkshire Dales National Park Authority,31/08/2021,PI148078,16.84,ARCO LTD,S1339,WMD 3.2 Skills for the future,Tools & Office Equipment,,,,
Yorkshire Dales National Park Authority,31/08/2021,PI147944,24.98,ARCO LTD,S1339,WMD 3.2 Skills for the future,Tools & Office Equipment,,,,
Yorkshire Dales National Park Authority,31/08/2021,PCARD-2022/005,17.18,AMAZON.CO.UK,S1426,Dales Countryside Museum,Consumables,Y,,,
Yorkshire Dales National Park Authority,31/08/2021,PCARD-2022/005,35.45,LYRECO,S1470,NPC General,Catering (Internal),Y,,,
Yorkshire Dales National Park Authority,31/08/2021,PCARD-2022/005,133.44,LYRECO,S1470,NPC General,Consumables,Y,,,
Yorkshire Dales National Park Authority,31/08/2021,PCARD-2022/005,30.11,LYRECO,S1470,Office Accomodation,Consumables,Y,,,
Yorkshire Dales National Park Authority,31/08/2021,PCARD-2022/005,43.87,LYRECO,S1470,Office Accomodation,Consumables,Y,,,
Yorkshire Dales National Park Authority,31/08/2021,PCARD-2022/005,15.89,LYRECO,S1470,Support Services,Stationery,Y,,,
Yorkshire Dales National Park Authority,31/08/2021,PCARD-2022/005,81.23,LYRECO,S1470,Support Services,Tools & Office Equipment,Y,,,
Yorkshire Dales National Park Authority,31/08/2021,PCARD-2022/005,90.42,LYRECO,S1470,Support Services,Stationery,Y,,,
Yorkshire Dales National Park Authority,31/08/2021,PI148081,12.00,R & J TOWNSON,S1630,Southern Dales (Craven  Lancs),Catering (Internal),,,,
Yorkshire Dales National Park Authority,31/08/2021,PI148091,92.50,HARRISON & CROSS LTD,S1687,Maintenance DCM,Premises Maintenance,,,,
Yorkshire Dales National Park Authority,31/08/2021,PI148090,77.00,HARRISON & CROSS LTD,S1687,Maintenance Offices,Premises Maintenance,,,,
Yorkshire Dales National Park Authority,31/08/2021,PI148092,1130.60,HARRISON & CROSS LTD,S1687,Maintenance Workshops,Contractors (Construction),,,,
Yorkshire Dales National Park Authority,31/08/2021,PI148089,110.13,HARRISON & CROSS LTD,S1687,NPC Refurbishment,Contractors (Construction),,,,
Yorkshire Dales National Park Authority,31/08/2021,PI148075,65.00,BELLAS OFFICE SUPPLIES & STATIONERY LTD,S1919,Farmed Land,Office Furniture,,,,
Yorkshire Dales National Park Authority,31/08/2021,PI147904,130.00,BELLAS OFFICE SUPPLIES & STATIONERY LTD,S1919,Farmed Land,Office Furniture,,,,
Yorkshire Dales National Park Authority,31/08/2021,PI148075,135.00,BELLAS OFFICE SUPPLIES & STATIONERY LTD,S1919,Farmed Land,Office Furniture,,,,
Yorkshire Dales National Park Authority,31/08/2021,PI148076,306.00,BELLAS OFFICE SUPPLIES & STATIONERY LTD,S1919,Farmed Land,Office Furniture,,,,
Yorkshire Dales National Park Authority,31/08/2021,PI148075,16.50,BELLAS OFFICE SUPPLIES & STATIONERY LTD,S1919,Office Accomodation,Office Furniture,,,,
Yorkshire Dales National Park Authority,31/08/2021,PI148075,65.00,BELLAS OFFICE SUPPLIES & STATIONERY LTD,S1919,Office Accomodation,Office Furniture,,,,
Yorkshire Dales National Park Authority,31/08/2021,PI148075,135.00,BELLAS OFFICE SUPPLIES & STATIONERY LTD,S1919,Office Accomodation,Office Furniture,,,,
Yorkshire Dales National Park Authority,31/08/2021,PI148055,30.60,SHANTONA WOMEN'S CENTRE,S2078,Outreach,Vehicle Hire,,,,
Yorkshire Dales National Park Authority,31/08/2021,PI148067,72.00,RALAWISE,S2211,Trading Account,Retail Stock Clothing VAT,,,,
Yorkshire Dales National Park Authority,31/08/2021,PI147951,630.00,RALAWISE,S2211,Trading Account,Retail Stock Clothing VAT,,,,
Yorkshire Dales National Park Authority,31/08/2021,PI147859,115.74,RICOH UK LTD,S2511,Dales Countryside Museum,Photocopying,,,,
Yorkshire Dales National Park Authority,31/08/2021,PI147859,203.32,RICOH UK LTD,S2511,Dales Countryside Museum,Photocopying,,,,
Yorkshire Dales National Park Authority,31/08/2021,PI147859,530.70,RICOH UK LTD,S2511,Support Services,Photocopying,,,,
Yorkshire Dales National Park Authority,31/08/2021,PI147859,833.24,RICOH UK LTD,S2511,Support Services,Photocopying,,,,
Yorkshire Dales National Park Authority,31/08/2021,PI147603,50.00,TERRA FIRMA ENVIRONMENTAL LTD,S2584,Southern Dales (Craven  Lancs),Contractors (Construction),,,,
Yorkshire Dales National Park Authority,31/08/2021,PI147603,350.00,TERRA FIRMA ENVIRONMENTAL LTD,S2584,Southern Dales (Craven  Lancs),Contractors (Construction),,,,
Yorkshire Dales National Park Authority,31/08/2021,PI147603,350.00,TERRA FIRMA ENVIRONMENTAL LTD,S2584,Southern Dales (Craven  Lancs),Contractors (Construction),,,,
Yorkshire Dales National Park Authority,31/08/2021,PI147603,390.00,TERRA FIRMA ENVIRONMENTAL LTD,S2584,Southern Dales (Craven  Lancs),Contractors (Construction),,,,
Yorkshire Dales National Park Authority,31/08/2021,PI148049,616.67,CARTER TOWLER LTD,S2905,Contracts - Access Rangers,Property Rental,,,,
Yorkshire Dales National Park Authority,31/08/2021,PI147950,481.08,P V DOBSON & SONS,S2908,Contracts - Access Rangers,Vehicle Repairs and Maint,,,,
Yorkshire Dales National Park Authority,31/08/2021,PI147656,356.34,VENSON AUTOMOTIVE SOLUTIONS LTD - DD,S3089,Contracts - Access Rangers,Vehicle Repairs and Maint,,,,
Yorkshire Dales National Park Authority,31/08/2021,PI147862,120.95,ARCHER SIGNS & PANELS LTD,S3170,NPC Refurbishment,Signage and Displays,,,,
Yorkshire Dales National Park Authority,31/08/2021,PI147903,55.42,GRANDMA WILD'S,S3171,Trading Account,Retail Stock Souvenirs,,,,
Yorkshire Dales National Park Authority,31/08/2021,PI147903,451.11,GRANDMA WILD'S,S3171,Trading Account,Retail Stock Foodstuffs,,,,
Yorkshire Dales National Park Authority,31/08/2021,PI148056,902.48,GRANDMA WILD'S,S3171,Trading Account,Retail Stock Foodstuffs,,,,
Yorkshire Dales National Park Authority,31/08/2021,PC148032,-508.95,SKYGUARD LTD,S3666,NPC General,Security,,,,
Yorkshire Dales National Park Authority,31/08/2021,PI147076,540.00,SKYGUARD LTD,S3666,NPC General,Security,,,,
Yorkshire Dales National Park Authority,31/08/2021,PI148033,840.00,SKYGUARD LTD,S3666,NPC General,Security,,,,
Yorkshire Dales National Park Authority,31/08/2021,PI148023,1567.71,HAYCOCK AND JAY ASSOCIATES LTD,S3682,Biodiversity,Contractors (Others),,,,
Yorkshire Dales National Park Authority,31/08/2021,PI147842,41.40,SCARBOROUGH BOROUGH COUNCIL,S3756,Legal Services,Legal Expenses,,,,
Yorkshire Dales National Park Authority,31/08/2021,PI147955,49.92,HERITAGE CARDS & SOUVENIRS,S3785,Trading Account,Retail Stock Souvenirs,,,,
Yorkshire Dales National Park Authority,31/08/2021,PI148085,360.00,HERITAGE CARDS & SOUVENIRS,S3785,Trading Account,Retail Stock Souvenirs,,,,
Yorkshire Dales National Park Authority,31/08/2021,PI147934,158.36,ALLSTAR BUSINESS SOLUTIONS LTD,S3804,Contracts - Access Rangers,Vehicle Running Costs,,,,
Yorkshire Dales National Park Authority,31/08/2021,PI147937,189.80,ALLSTAR BUSINESS SOLUTIONS LTD,S3804,Contracts - Access Rangers,Vehicle Running Costs,,,,
Yorkshire Dales National Park Authority,31/08/2021,PI147935,203.93,ALLSTAR BUSINESS SOLUTIONS LTD,S3804,Contracts - Access Rangers,Vehicle Running Costs,,,,
Yorkshire Dales National Park Authority,31/08/2021,PI147936,281.19,ALLSTAR BUSINESS SOLUTIONS LTD,S3804,Contracts - Access Rangers,Vehicle Running Costs,,,,
Yorkshire Dales National Park Authority,31/08/2021,PI147935,65.73,ALLSTAR BUSINESS SOLUTIONS LTD,S3804,WMD 3.2 Skills for the future,Vehicle Running Costs,,,,
Yorkshire Dales National Park Authority,31/08/2021,PI148050,10214.56,FRIENDS OF THE LAKE DISTRICT,S3858,WMD Westmorland Dales Overheads,Grants Paid,,218711,2019 - 2023,Westmorland Dales Heritage Lottery Projects
Yorkshire Dales National Park Authority,31/08/2021,PI147894,25.71,BORDER GROUP LTD,S3864,Western Dales (Cumbria),Equipment Hire,,,,
Yorkshire Dales National Park Authority,31/08/2021,PI147894,60.00,BORDER GROUP LTD,S3864,Western Dales (Cumbria),Equipment Hire,,,,
Yorkshire Dales National Park Authority,31/08/2021,PI147931,60.00,BORDER GROUP LTD,S3864,Western Dales (Cumbria),Equipment Hire,,,,
Yorkshire Dales National Park Authority,31/08/2021,PI147931,77.14,BORDER GROUP LTD,S3864,Western Dales (Cumbria),Equipment Hire,,,,
Yorkshire Dales National Park Authority,31/08/2021,PI148028,391.68,SILVERPOINT OUTDOOR LTD,S3894,Trading Account,Retail Stock Clothing VAT,,,,
Yorkshire Dales National Park Authority,31/08/2021,PI148061,199.00,WORKING PLANET LTD,S4049,Corporate HR Staff Costs,Recruitment Costs,,,,
Yorkshire Dales National Park Authority,31/08/2021,PI148079,199.00,WORKING PLANET LTD,S4049,Corporate HR Staff Costs,Recruitment Costs,,,,
Yorkshire Dales National Park Authority,31/08/2021,PI147940,1620.00,REDACTED PERSONAL DATA,S4059,Southern Dales (Craven  Lancs),Equipment Hire,,,,
Yorkshire Dales National Park Authority,31/08/2021,PI147943,28.93,THE WONDER OF WOOD LTD,S4151,Northern Dales (Richmondshire),Materials,,,,
Yorkshire Dales National Park Authority,31/08/2021,PI147943,970.00,THE WONDER OF WOOD LTD,S4151,Northern Dales (Richmondshire),Materials,,,,
Yorkshire Dales National Park Authority,31/08/2021,PI147902,140.00,THE WONDER OF WOOD LTD,S4151,Pennine Bridleway,Materials,,,,
Yorkshire Dales National Park Authority,31/08/2021,PI147902,140.00,THE WONDER OF WOOD LTD,S4151,Pennine Bridleway,Materials,,,,
Yorkshire Dales National Park Authority,31/08/2021,PI147902,140.00,THE WONDER OF WOOD LTD,S4151,Southern Dales (Craven  Lancs),Materials,,,,
Yorkshire Dales National Park Authority,31/08/2021,PI147902,140.00,THE WONDER OF WOOD LTD,S4151,Southern Dales (Craven  Lancs),Materials,,,,
Yorkshire Dales National Park Authority,31/08/2021,PI147902,140.00,THE WONDER OF WOOD LTD,S4151,Southern Dales (Craven  Lancs),Materials,,,,
Yorkshire Dales National Park Authority,31/08/2021,PI147902,140.00,THE WONDER OF WOOD LTD,S4151,Southern Dales (Craven  Lancs),Materials,,,,
Yorkshire Dales National Park Authority,31/08/2021,PI147902,220.00,THE WONDER OF WOOD LTD,S4151,Southern Dales (Craven  Lancs),Materials,,,,
Yorkshire Dales National Park Authority,31/08/2021,PI147854,326.06,PPL PRS LTD,S4193,Dales Countryside Museum,Membership Subscriptions,,,,
Yorkshire Dales National Park Authority,31/08/2021,PI147939,32500.00,OLDHAM COUNCIL,S4424,National Trails,Grants Paid,,N/A,2020 - 2021,Pennine Bridleway bridge at Uppermill
Yorkshire Dales National Park Authority,31/08/2021,PI148063,126.30,PREMIER VANGUARD LTD,S4427,Retail Services O/H,Tools & Office Equipment,,,,
Yorkshire Dales National Park Authority,31/08/2021,PI147843,482.00,FIRST AID TRAINING PLUS,S4487,Volunteers,Training,,,,
Yorkshire Dales National Park Authority,31/08/2021,PI148094,378.83,GARDNERS BOOKS,S4535,Trading Account,Retail Stock Publications Non-VAT,,,,
Yorkshire Dales National Park Authority,31/08/2021,PI148095,676.04,GARDNERS BOOKS,S4535,Trading Account,Retail Stock Publications Non-VAT,,,,
Yorkshire Dales National Park Authority,31/08/2021,PI147954,108.09,LOGO AND STITCH,S4622,Trading Account,Retail Stock Clothing VAT,,,,
Yorkshire Dales National Park Authority,31/08/2021,PI147811,17.04,AMEY T/A ENTERPRISE MANAGED SERVICES LTD,S4734,Contracts - Access Rangers,Waste Collection,,,,
Yorkshire Dales National Park Authority,31/08/2021,PI147812,17.04,AMEY T/A ENTERPRISE MANAGED SERVICES LTD,S4734,Contracts - Access Rangers,Waste Collection,,,,
Yorkshire Dales National Park Authority,31/08/2021,PI147811,34.08,AMEY T/A ENTERPRISE MANAGED SERVICES LTD,S4734,WMD Westmorland Dales Overheads,Waste Collection,,,,
Yorkshire Dales National Park Authority,31/08/2021,PI147979,88.00,JOMANDA LIMITED,S4767,Trading Account,Retail Stock Clothing Non-VAT,,,,
Yorkshire Dales National Park Authority,31/08/2021,PI147979,426.90,JOMANDA LIMITED,S4767,Trading Account,Retail Stock Souvenirs,,,,
Yorkshire Dales National Park Authority,31/08/2021,PI148096,18.00,FLOWBIRD SMART CITY UK LIMITED,S4821,Car Parks,Equipment Repairs and Maint,,,,
Yorkshire Dales National Park Authority,31/08/2021,PI148096,132.00,FLOWBIRD SMART CITY UK LIMITED,S4821,Car Parks,Equipment Repairs and Maint,,,,
Yorkshire Dales National Park Authority,31/08/2021,PI148031,2.00,T W RELPH & SONS LTD,S4833,Western Dales (Cumbria),Materials,,,,
Yorkshire Dales National Park Authority,31/08/2021,PI148031,17.00,T W RELPH & SONS LTD,S4833,Western Dales (Cumbria),Materials,,,,
Yorkshire Dales National Park Authority,31/08/2021,PI148030,70.00,T W RELPH & SONS LTD,S4833,Western Dales (Cumbria),Materials,,,,
Yorkshire Dales National Park Authority,31/08/2021,PI148030,97.00,T W RELPH & SONS LTD,S4833,Western Dales (Cumbria),Materials,,,,
Yorkshire Dales National Park Authority,31/08/2021,PI148030,98.00,T W RELPH & SONS LTD,S4833,Western Dales (Cumbria),Materials,,,,
Yorkshire Dales National Park Authority,31/08/2021,PI148030,220.00,T W RELPH & SONS LTD,S4833,Western Dales (Cumbria),Materials,,,,
Yorkshire Dales National Park Authority,31/08/2021,PI148026,270.00,OUTSTANDING MAP DISTRIBUTORS LTD,S4842,Trading Account,Retail Stock Maps Non-VAT,,,,
Yorkshire Dales National Park Authority,31/08/2021,PI147864,691.60,OUTSTANDING MAP DISTRIBUTORS LTD,S4842,Trading Account,Retail Stock Maps Non-VAT,,,,
Yorkshire Dales National Park Authority,31/08/2021,PI148027,1830.70,OUTSTANDING MAP DISTRIBUTORS LTD,S4842,Trading Account,Retail Stock Maps Non-VAT,,,,
Yorkshire Dales National Park Authority,31/08/2021,PI148053,395.20,LANDSCAPE & LIGHT PHOTOGRAPHY - ANDY AUGHEY,S4928,Trading Account,Retail Stock Souvenirs,,,,
Yorkshire Dales National Park Authority,31/08/2021,PC148035,-179.15,CORONA ENERGY RETAIL 4 LTD,S5021,Office Accomodation,Gas/ Wood Chip,,,,
Yorkshire Dales National Park Authority,31/08/2021,PC148034,-45.66,CORONA ENERGY RETAIL 4 LTD,S5021,Office Accomodation,Gas/ Wood Chip,,,,
Yorkshire Dales National Park Authority,31/08/2021,PC148037,-28.21,CORONA ENERGY RETAIL 4 LTD,S5021,Office Accomodation,Gas/ Wood Chip,,,,
Yorkshire Dales National Park Authority,31/08/2021,PC148036,-10.23,CORONA ENERGY RETAIL 4 LTD,S5021,Office Accomodation,Gas/ Wood Chip,,,,
Yorkshire Dales National Park Authority,31/08/2021,PI148045,10.80,CORONA ENERGY RETAIL 4 LTD,S5021,Office Accomodation,Gas/ Wood Chip,,,,
Yorkshire Dales National Park Authority,31/08/2021,PI148047,11.16,CORONA ENERGY RETAIL 4 LTD,S5021,Office Accomodation,Gas/ Wood Chip,,,,
Yorkshire Dales National Park Authority,31/08/2021,PI148040,11.43,CORONA ENERGY RETAIL 4 LTD,S5021,Office Accomodation,Gas/ Wood Chip,,,,
Yorkshire Dales National Park Authority,31/08/2021,PI148046,38.37,CORONA ENERGY RETAIL 4 LTD,S5021,Office Accomodation,Gas/ Wood Chip,,,,
Yorkshire Dales National Park Authority,31/08/2021,PI148041,39.37,CORONA ENERGY RETAIL 4 LTD,S5021,Office Accomodation,Gas/ Wood Chip,,,,
Yorkshire Dales National Park Authority,31/08/2021,PI148044,39.37,CORONA ENERGY RETAIL 4 LTD,S5021,Office Accomodation,Gas/ Wood Chip,,,,
Yorkshire Dales National Park Authority,31/08/2021,PI148043,46.56,CORONA ENERGY RETAIL 4 LTD,S5021,Office Accomodation,Gas/ Wood Chip,,,,
Yorkshire Dales National Park Authority,31/08/2021,PI148042,189.95,CORONA ENERGY RETAIL 4 LTD,S5021,Office Accomodation,Gas/ Wood Chip,,,,
Yorkshire Dales National Park Authority,31/08/2021,PI148060,82.50,ASPIRE TECHNOLOGY SOLUTIONS LIMITED,S5053,Farmed Land,Tools & Office Equipment,,,,
Yorkshire Dales National Park Authority,31/08/2021,PI148060,360.00,ASPIRE TECHNOLOGY SOLUTIONS LIMITED,S5053,Farmed Land,Tools & Office Equipment,,,,
Yorkshire Dales National Park Authority,31/08/2021,PI148060,55.00,ASPIRE TECHNOLOGY SOLUTIONS LIMITED,S5053,IT Development,Tools & Office Equipment,,,,
Yorkshire Dales National Park Authority,31/08/2021,PI148060,240.00,ASPIRE TECHNOLOGY SOLUTIONS LIMITED,S5053,IT Development,Tools & Office Equipment,,,,
Yorkshire Dales National Park Authority,31/08/2021,PI147959,513.00,SASS & BELLE BY RJB STONE,S5098,Trading Account,Retail Stock Souvenirs,,,,
Yorkshire Dales National Park Authority,31/08/2021,PI147867,236.60,TMP (UK) LTD,S5155,Definitive Map,Advertising,,,,
Yorkshire Dales National Park Authority,31/08/2021,PI147870,109.64,TMP (UK) LTD,S5155,Development Management,Advertising,,,,
Yorkshire Dales National Park Authority,31/08/2021,PI147869,144.76,TMP (UK) LTD,S5155,Development Management,Advertising,,,,
Yorkshire Dales National Park Authority,31/08/2021,PI147933,153.00,TMP (UK) LTD,S5155,Development Management,Advertising,,,,
Yorkshire Dales National Park Authority,31/08/2021,PI147978,187.00,TMP (UK) LTD,S5155,Development Management,Advertising,,,,
Yorkshire Dales National Park Authority,31/08/2021,PI148029,264.52,TMP (UK) LTD,S5155,Development Management,Advertising,,,,
Yorkshire Dales National Park Authority,31/08/2021,PI147868,478.60,TMP (UK) LTD,S5155,Development Management,Advertising,,,,
Yorkshire Dales National Park Authority,31/08/2021,PI148025,223.68,SKIPTON BODY REPAIR CENTRE LTD,S5181,Contracts - Access Rangers,Vehicle Repairs and Maint,,,,
Yorkshire Dales National Park Authority,31/08/2021,PI147960,165.00,BEAU BUSINESS MEDIA LIMITED,S5245,Dales Countryside Museum,Advertising,,,,
Yorkshire Dales National Park Authority,31/08/2021,PI147909,4000.00,NECTAR CREATIVE,S5249,Outreach,Contractors (Others),,,,
Yorkshire Dales National Park Authority,31/08/2021,PI148083,192.40,BEACON DESIGNS,S5267,Trading Account,Retail Stock Souvenirs,,,,
Yorkshire Dales National Park Authority,31/08/2021,PI147908,35.17,CITRON HYGIENE UK LTD,S5495,Dales Countryside Museum,Waste Collection,,,,
Yorkshire Dales National Park Authority,31/08/2021,PI148084,159.18,DELIVER NET,S5710,Retail Services O/H,Tools & Office Equipment,,,,
Yorkshire Dales National Park Authority,31/08/2021,PI148057,8.25,DELIVER NET,S5710,Toilets,Consumables,,,,
Yorkshire Dales National Park Authority,31/08/2021,PI147907,16.50,DELIVER NET,S5710,Toilets,Consumables,,,,
Yorkshire Dales National Park Authority,31/08/2021,PI147907,16.50,DELIVER NET,S5710,Toilets,Consumables,,,,
Yorkshire Dales National Park Authority,31/08/2021,PI147907,60.00,DELIVER NET,S5710,Toilets,Consumables,,,,
Yorkshire Dales National Park Authority,31/08/2021,PI148057,80.00,DELIVER NET,S5710,Toilets,Consumables,,,,
Yorkshire Dales National Park Authority,31/08/2021,PI148057,233.40,DELIVER NET,S5710,Toilets,Consumables,,,,
Yorkshire Dales National Park Authority,31/08/2021,PI147907,466.80,DELIVER NET,S5710,Toilets,Consumables,,,,
Yorkshire Dales National Park Authority,31/08/2021,PI148039,450.00,REDACTED PERSONAL DATA,S5790,Dales Countryside Museum,Event Leaders,,,,
Yorkshire Dales National Park Authority,31/08/2021,PI148038,1200.00,REDACTED PERSONAL DATA,S5790,Dales Countryside Museum,Event Leaders,,,,
Yorkshire Dales National Park Authority,31/08/2021,PI147945,230.00,MICO LIGHTING LTD,S5793,Maintenance NPC's,Premises Maintenance,,,,
Yorkshire Dales National Park Authority,31/08/2021,PI148099,27.51,SOPHIE ALLPORT LTD,S5825,Trading Account,Retail Stock Souvenirs,,,,
Yorkshire Dales National Park Authority,31/08/2021,PI148097,183.33,SOPHIE ALLPORT LTD,S5825,Trading Account,Retail Stock Souvenirs,,,,
Yorkshire Dales National Park Authority,31/08/2021,PI148098,185.83,SOPHIE ALLPORT LTD,S5825,Trading Account,Retail Stock Souvenirs,,,,
Yorkshire Dales National Park Authority,31/08/2021,PI147949,15.00,COMMUNITY ACTION BRADFORD & DISTRICT,S5891,Corporate HR Staff Costs,Recruitment Costs,,,,
Yorkshire Dales National Park Authority,31/08/2021,PI147872,18.10,ANGLIAN WATER BUSINESS T/A WAVE UTILITIES,S5902,Car Parks,Water,,,,
Yorkshire Dales National Park Authority,31/08/2021,PI147873,18.10,ANGLIAN WATER BUSINESS T/A WAVE UTILITIES,S5902,Car Parks,Water,,,,
Yorkshire Dales National Park Authority,31/08/2021,PI147893,26.28,ANGLIAN WATER BUSINESS T/A WAVE UTILITIES,S5902,Car Parks,Water,,,,
Yorkshire Dales National Park Authority,31/08/2021,PI147888,378.69,ANGLIAN WATER BUSINESS T/A WAVE UTILITIES,S5902,Dales Countryside Museum,Water,,,,
Yorkshire Dales National Park Authority,31/08/2021,PI148048,300.00,JR & SL PRATT ,S5909,Farmed Land,Consultancy,,,,
Yorkshire Dales National Park Authority,31/08/2021,PI148101,631.80,1 TREE CARDS LTD,S5956,Trading Account,Retail Stock Posters and Postcards VAT,,,,
Yorkshire Dales National Park Authority,31/08/2021,PI148065,10.53,SPRINGFIELD TRAINING,S5976,Training,Training,,,,
Yorkshire Dales National Park Authority,31/08/2021,PI147892,240.00,VISITS UNLIMITED CIC,S6000,Outreach,Vehicle Hire,,,,
Yorkshire Dales National Park Authority,31/08/2021,PI148082,9500.00,TINYROCKET LTD,S6007,Communications,IT-Websites,,,,
Yorkshire Dales National Park Authority,31/08/2021,PI148102,280.00,REDACTED PERSONAL DATA,S6009,Trading Account,Retail Stock Maps Non-VAT,,,,
Yorkshire Dales National Park Authority,31/08/2021,PI148102,560.00,REDACTED PERSONAL DATA,S6009,Trading Account,Retail Stock Posters and Postcards VAT,,,,